COUNTRY,YEAR,GDP,GNI,PPP
Algeria,1990,62048505222.3414,6720.0,3.1230900000000004
Algeria,1991,45715676428.2766,6570.0,4.64584
Algeria,1992,48003133346.9957,6760.0,5.53828
Algeria,1993,49945585165.7899,6690.0,6.147130000000001
Algeria,1994,42543177031.1723,6590.0,7.768680000000001
Algeria,1995,41764291963.8532,6770.0,9.78358
Algeria,1996,46941553939.5593,7040.0,11.915610000000001
Algeria,1997,48177612042.1507,7180.0,12.5338
Algeria,1998,48187781711.0308,7550.0,12.006219999999999
Algeria,1999,48640671734.9711,7750.0,13.1247
Algeria,2000,54790398813.0005,8090.0,15.74443
Algeria,2001,54744698044.2331,8580.0,15.324639999999999
Algeria,2002,56760355865.0082,8990.0,15.28871
Algeria,2003,67863850333.9526,9710.0,16.24182
Algeria,2004,85332581188.6107,10200.0,17.75446
Algeria,2005,103198211973.24199,10910.0,19.990560000000002
Algeria,2006,117027280692.356,11400.0,21.43743
Algeria,2007,134977082623.78,12220.0,22.20824
Algeria,2008,171000699876.74698,12610.0,25.12654
Algeria,2009,137211004291.274,12640.0,22.17985
Algeria,2010,161207306304.794,13100.0,25.44939
Algeria,2011,200013097903.17,13410.0,29.475890000000003
Algeria,2012,209059081828.26096,13180.0,32.59323
Algeria,2013,209755003250.66397,12850.0,33.43035
Algeria,2014,213809980720.78696,12760.0,34.03952
Algeria,2015,165979224316.667,11760.0,35.01083
Algeria,2016,160034212613.43698,11570.0,37.15583
Algeria,2017,170096989042.831,11630.0,38.85575
Algeria,2018,174910891124.491,11710.0,40.507540000000006
Algeria,2019,171760290068.15698,11820.0,39.60577
Chad,1990,1738605558.05436,710.0,118.51583000000001
Chad,1991,1877137983.02923,770.0,118.16243999999999
Chad,1992,1881847671.47122,820.0,100.61873
Chad,1993,1463251161.33494,670.0,96.99684
Chad,1994,1179837963.95379,750.0,136.32301
Chad,1995,1445919894.86249,750.0,145.31743
Chad,1996,1607345354.92671,740.0,159.05629
Chad,1997,1544689575.99186,770.0,162.27473
Chad,1998,1744794532.49364,810.0,171.29928999999998
Chad,1999,1534673583.2487,790.0,156.12683
Chad,2000,1388506771.52623,760.0,160.74391
Chad,2001,1710843376.39331,840.0,178.89243000000002
Chad,2002,1997005710.26555,880.0,179.50769
Chad,2003,2742815070.75867,860.0,176.17257
Chad,2004,4422855658.380429,1140.0,188.26779
Chad,2005,6649307528.06238,1320.0,224.5308
Chad,2006,7428701455.40565,1310.0,239.55718
Chad,2007,8650137734.71637,1380.0,240.95532000000003
Chad,2008,10393833755.2791,1360.0,256.86855
Chad,2009,9290728312.24383,1580.0,230.83556000000002
Chad,2010,10668103549.3123,1770.0,242.6723
Chad,2011,12172308858.2993,1760.0,258.13132
Chad,2012,12367362746.1307,1690.0,285.35352
Chad,2013,12953534870.303999,1500.0,308.41971
Chad,2014,13940767222.1053,1600.0,300.38611000000003
Chad,2015,10950392257.2764,1760.0,252.0752
Chad,2016,10097778097.0969,1630.0,246.88441
Chad,2017,10000394388.1158,1560.0,243.65457
Chad,2018,11239167890.2816,1580.0,249.86608999999999
Chad,2019,11314951088.2451,1600.0,252.47316
Congo,1990,2798746050.5823603,2900.0,101.72158
Congo,1991,2724853507.64996,3000.0,96.93727
Congo,1992,2933222705.7974,3180.0,93.29006
Congo,1993,2684323618.40365,2920.0,90.09945
Congo,1994,1769365438.88526,2890.0,120.63741999999999
Congo,1995,2116003868.1737301,2120.0,122.17235
Congo,1996,2540697537.70424,2170.0,141.56156000000001
Congo,1997,2322719101.28455,2610.0,146.07053
Congo,1998,1949481380.64925,2820.0,118.1239
Congo,1999,2354772959.06186,2520.0,150.6762
Congo,2000,3227927697.43665,2700.0,216.64618
Congo,2001,2796704603.0444303,2750.0,182.36906000000002
Congo,2002,3034250926.18009,2910.0,176.4478
Congo,2003,3503723086.7028,2970.0,165.67627
Congo,2004,4656974937.55227,2840.0,188.46277
Congo,2005,6650001684.9045,3270.0,221.70855
Congo,2006,8072305030.68484,3910.0,239.54818999999998
Congo,2007,8782703427.96085,3580.0,248.96565
Congo,2008,11649857662.1388,3920.0,284.02301
Congo,2009,9723299908.194729,4450.0,222.48287000000002
Congo,2010,13148396205.671001,4790.0,284.51292
Congo,2011,15655383585.9887,4680.0,309.25119
Congo,2012,17692911280.5627,5740.0,316.11636
Congo,2013,17958720704.4596,5680.0,316.15192
Congo,2014,17912907682.0663,5770.0,314.80508
Congo,2015,11890259176.6829,4420.0,311.99905
Congo,2016,10219341017.1383,3550.0,316.62527
Congo,2017,11094823676.5914,3500.0,297.67398
Congo,2018,13670038019.8594,3640.0,359.90112999999997
Congo,2019,12750338736.1661,3430.0,348.16114
Egypt,1990,42978914311.3504,3550.0,0.46008000000000004
Egypt,1991,37387836490.5284,3740.0,0.51679
Egypt,1992,41855986519.4235,3900.0,0.598
Egypt,1993,46578631452.58099,4010.0,0.63339
Egypt,1994,51897983392.6453,4160.0,0.6725399999999999
Egypt,1995,60159245060.4541,4360.0,0.73382
Egypt,1996,67629716981.1321,4560.0,0.77185
Egypt,1997,78436578171.0914,4790.0,0.8337
Egypt,1998,84828807556.0803,5030.0,0.84403
Egypt,1999,90710704806.8416,5270.0,0.83995
Egypt,2000,99838543960.07628,5610.0,0.8537399999999999
Egypt,2001,96684636118.5984,5850.0,0.85052
Egypt,2002,85146067415.7303,5900.0,0.86398
Egypt,2003,80288461538.4615,6070.0,0.9046799999999999
Egypt,2004,78782467532.4675,6350.0,0.98385
Egypt,2005,89600665557.4043,6700.0,1.0132
Egypt,2006,107426086956.52199,7300.0,1.05521
Egypt,2007,130437828371.27802,7900.0,1.15686
Egypt,2008,162818181818.182,8460.0,1.2736100000000001
Egypt,2009,189147005444.64603,8670.0,1.40706
Egypt,2010,218983666061.70602,8850.0,1.5308700000000002
Egypt,2011,235989672977.625,8940.0,1.67462
Egypt,2012,279116666666.6669,10260.0,1.74692
Egypt,2013,288434108527.132,10350.0,1.87536
Egypt,2014,305595408895.265,10060.0,2.16186
Egypt,2015,329366576819.407,10700.0,2.29639
Egypt,2016,332441717791.411,10450.0,2.56308
Egypt,2017,248362771739.13,10790.0,3.2666
Egypt,2018,262588632526.73,11360.0,3.8653699999999995
Egypt,2019,318678815489.74896,11860.0,4.314369999999999
Ethiopia,1990,12175166763.285,410.0,1.30115
Ethiopia,1991,13463868357.4879,380.0,1.49878
Ethiopia,1992,10492993077.6093,340.0,1.693
Ethiopia,1993,8830712713.90781,380.0,1.8750200000000001
Ethiopia,1994,6927950564.55657,390.0,1.88963
Ethiopia,1995,7663984567.90123,410.0,2.0859900000000002
Ethiopia,1996,8547939730.62374,450.0,2.0533799999999998
Ethiopia,1997,8589233419.59411,460.0,2.02274
Ethiopia,1998,7818205971.602309,430.0,1.9972299999999998
Ethiopia,1999,7700833482.00615,450.0,2.01325
Ethiopia,2000,8242349955.051109,470.0,2.10252
Ethiopia,2001,8231326016.47494,510.0,1.93785
Ethiopia,2002,7850809498.16803,510.0,1.8390099999999998
Ethiopia,2003,8623691300.04079,490.0,2.03368
Ethiopia,2004,10131187261.4421,560.0,2.05798
Ethiopia,2005,12401139453.9738,630.0,2.19246
Ethiopia,2006,15280861834.6024,700.0,2.3725400000000003
Ethiopia,2007,19707616772.7996,780.0,2.70792
Ethiopia,2008,27066912635.2228,860.0,3.46233
Ethiopia,2009,32437389116.038,910.0,4.27099
Ethiopia,2010,29933790334.3418,1010.0,4.28123
Ethiopia,2011,31952763089.33,1110.0,5.0355
Ethiopia,2012,43310721414.0829,1190.0,6.64095
Ethiopia,2013,47648276190.2977,1260.0,7.0807
Ethiopia,2014,55612228233.5179,1480.0,7.14422
Ethiopia,2015,64589329344.6937,1620.0,7.76669
Ethiopia,2016,74296745599.0048,1840.0,8.05592
Ethiopia,2017,81770886908.5198,1980.0,8.52085
Ethiopia,2018,84269196152.0333,2110.0,9.35113
Ethiopia,2019,95912607970.1686,2260.0,10.36773
Ghana,1990,5889174833.90034,1560.0,0.01722
Ghana,1991,6603130039.87292,1660.0,0.02
Ghana,1992,6416079341.9732895,1720.0,0.021730000000000003
Ghana,1993,5968905678.89099,1800.0,0.02797
Ghana,1994,5446370114.57708,1850.0,0.03564
Ghana,1995,6464389656.21299,1920.0,0.04994
Ghana,1996,6932984635.632,2000.0,0.06857
Ghana,1997,6891433840.90915,2070.0,0.08052999999999999
Ghana,1998,7482072380.2381,2140.0,0.09321
Ghana,1999,7718110780.94815,2210.0,0.10475
Ghana,2000,4982849054.0291,2280.0,0.13033
Ghana,2001,5314871683.5223,2370.0,0.17182999999999998
Ghana,2002,6166197191.76694,2450.0,0.2078
Ghana,2003,7632720680.281191,2550.0,0.26228
Ghana,2004,8881419348.21705,2700.0,0.29207
Ghana,2005,10744562614.7479,2880.0,0.32556999999999997
Ghana,2006,20885042153.0199,3030.0,0.35620999999999997
Ghana,2007,24827333947.3782,3220.0,0.4027
Ghana,2008,28679383241.0729,3490.0,0.47181000000000006
Ghana,2009,26048726185.6746,3590.0,0.54225
Ghana,2010,32197648061.1663,3790.0,0.62474
Ghana,2011,39336668080.559,4260.0,0.69718
Ghana,2012,41271708599.715,4690.0,0.7660600000000001
Ghana,2013,62824629066.0408,4980.0,0.88355
Ghana,2014,54783320576.8882,5100.0,1.0467799999999998
Ghana,2015,49406014245.4296,4870.0,1.2658399999999999
Ghana,2016,56164933479.4044,4620.0,1.54424
Ghana,2017,60405920071.1024,4690.0,1.76395
Ghana,2018,67298913752.0241,5010.0,1.90458
Ghana,2019,68337974418.7681,5340.0,2.0297
Guinea,1990,2666750820.49987,850.0,458.20369000000005
Guinea,1991,3015058205.58401,860.0,557.6474900000001
Guinea,1992,3284620421.84712,890.0,688.18083
Guinea,1993,3279096491.81869,940.0,676.7756099999999
Guinea,1994,3383092769.85285,970.0,672.08805
Guinea,1995,3693710532.91191,1010.0,697.46122
Guinea,1996,3868968366.14337,1040.0,695.5092
Guinea,1997,3783700461.64359,1090.0,693.52433
Guinea,1998,3588375621.82568,1120.0,708.60592
Guinea,1999,3461282459.96593,1160.0,728.3000400000001
Guinea,2000,2995361112.0538,1190.0,757.0329
Guinea,2001,2829435908.16305,1240.0,753.3272400000001
Guinea,2002,2950198723.60858,1320.0,744.9767400000001
Guinea,2003,3446441784.82252,1280.0,846.79538
Guinea,2004,3635458213.6596203,1310.0,960.9047800000001
Guinea,2005,2937071740.39148,1340.0,1186.88606
Guinea,2006,4220019242.74824,1460.0,1584.0874800000001
Guinea,2007,6281917649.667089,1560.0,1752.46165
Guinea,2008,6964179187.538361,1610.0,2006.7249100000001
Guinea,2009,6716904516.300839,1550.0,2029.25797
Guinea,2010,6853467832.6761,1620.0,2328.04362
Guinea,2011,6785137215.23269,1690.0,2485.90088
Guinea,2012,7638045225.63676,1740.0,2789.94043
Guinea,2013,8376613880.25749,1700.0,2932.74707
Guinea,2014,8778473643.01989,1720.0,3059.93481
Guinea,2015,8794202394.72245,1760.0,3164.9960899999996
Guinea,2016,8595955600.7877,2010.0,3159.34155
Guinea,2017,10324668270.876,2370.0,3216.0349100000003
Guinea,2018,11857030366.4598,2440.0,3362.2276100000004
Guinea,2019,13442861496.5747,2540.0,3613.55019
Kenya,1990,8572359162.868759,1670.0,8.46523
Kenya,1991,8151488881.9683,1690.0,9.21448
Kenya,1992,8209120678.1134205,1660.0,10.71165
Kenya,1993,5751786609.50323,1640.0,13.15262
Kenya,1994,7148148564.042391,1680.0,15.06894
Kenya,1995,9046320196.77295,1760.0,16.41562
Kenya,1996,12045865466.4343,1830.0,17.59004
Kenya,1997,13115764432.7232,1830.0,19.26921
Kenya,1998,14093998843.7334,1870.0,20.3755
Kenya,1999,12896010520.4958,1880.0,20.93502
Kenya,2000,12705350153.4012,1880.0,21.71585
Kenya,2001,12986007425.8781,1930.0,21.57147
Kenya,2002,13147736954.17,1920.0,21.43865
Kenya,2003,14904517649.8476,1950.0,22.326629999999998
Kenya,2004,16095337093.8366,2050.0,23.29255
Kenya,2005,18737895400.78,2190.0,23.6909
Kenya,2006,25825512277.8911,2320.0,24.77131
Kenya,2007,31958195182.2406,2470.0,26.08026
Kenya,2008,35895153327.8497,2460.0,29.46658
Kenya,2009,42347217912.9176,2170.0,32.68619
Kenya,2010,45405615233.0693,2320.0,32.827459999999995
Kenya,2011,46869473165.8905,2470.0,35.39612
Kenya,2012,56396704833.4676,2550.0,37.97868
Kenya,2013,61671440480.6895,2780.0,37.66785
Kenya,2014,68285796662.6532,3040.0,38.28926
Kenya,2015,70120446663.6256,3390.0,39.04048
Kenya,2016,74815143796.3978,3970.0,39.38496
Kenya,2017,82036511258.8324,4230.0,40.184940000000005
Kenya,2018,92202979940.67099,4500.0,40.895590000000006
Kenya,2019,100378435824.17801,4720.0,41.89245
Madagascar,1990,3931334870.6285,1130.0,83.59514
Madagascar,1991,3254713056.02171,1060.0,87.76626999999999
Madagascar,1992,3714966675.01207,1070.0,98.31101
Madagascar,1993,4063298919.2868,1090.0,105.62844
Madagascar,1994,3522227094.1422296,1070.0,143.74565
Madagascar,1995,3838100902.25012,1080.0,209.83295
Madagascar,1996,4931861036.68369,1100.0,246.7792
Madagascar,1997,4262965421.14559,1120.0,253.49313999999998
Madagascar,1998,4401967634.08547,1150.0,266.23839
Madagascar,1999,4277903780.2913103,1180.0,281.41288
Madagascar,2000,4629247204.9853,1230.0,307.01771
Madagascar,2001,5438332600.53228,1300.0,324.02403
Madagascar,2002,5351701664.71362,1120.0,371.69031
Madagascar,2003,6372498891.38118,1220.0,358.28557
Madagascar,2004,5064732625.39054,1290.0,397.61362
Madagascar,2005,5859269751.63826,1340.0,456.32125
Madagascar,2006,6395712491.75146,1410.0,490.31798
Madagascar,2007,8524620890.88039,1510.0,526.53205
Madagascar,2008,10725137721.5622,1590.0,555.29955
Madagascar,2009,9616879407.59474,1490.0,589.99554
Madagascar,2010,9982711338.118141,1470.0,642.5622099999999
Madagascar,2011,11551819617.6271,1480.0,694.86267
Madagascar,2012,11578975063.7975,1440.0,742.89819
Madagascar,2013,12423555457.0352,1440.0,777.65881
Madagascar,2014,12522957401.0395,1470.0,823.95612
Madagascar,2015,11323020699.9128,1450.0,886.0913099999999
Madagascar,2016,11848613859.5279,1510.0,941.01086
Madagascar,2017,13176313593.5509,1500.0,1013.4346300000001
Madagascar,2018,13760033282.6071,1540.0,1071.76355
Madagascar,2019,14104664677.9627,1600.0,1121.54519
Mauritius,1990,2653485952.1331897,4970.0,7.53895
Mauritius,1991,2856889159.58616,5360.0,7.91688
Mauritius,1992,3224265821.36824,5770.0,8.15502
Mauritius,1993,3263363787.16599,6120.0,8.70069
Mauritius,1994,3558143644.06071,6370.0,9.07722
Mauritius,1995,4040342060.18334,6740.0,9.37118
Mauritius,1996,4421952122.97703,7130.0,9.84705
Mauritius,1997,4187375887.41175,7620.0,10.17582
Mauritius,1998,4169672974.84855,8070.0,10.76328
Mauritius,1999,4343708895.58505,8310.0,11.31123
Mauritius,2000,4663321022.226729,9110.0,11.43781
Mauritius,2001,4613637222.14006,9610.0,11.8829
Mauritius,2002,4841310239.63687,9850.0,12.428230000000001
Mauritius,2003,5816559038.54545,10480.0,12.87303
Mauritius,2004,6578840498.669311,11190.0,13.39468
Mauritius,2005,6488743119.74298,11680.0,13.500179999999999
Mauritius,2006,7028810754.78164,12640.0,14.5423
Mauritius,2007,8150150144.15635,13930.0,15.33606
Mauritius,2008,9990356849.294909,14760.0,15.90316
Mauritius,2009,9128843109.15588,15030.0,15.69851
Mauritius,2010,10003670690.3497,16100.0,15.686810000000001
Mauritius,2011,11518413429.9684,16920.0,15.85336
Mauritius,2012,11668696526.2252,17250.0,16.45894
Mauritius,2013,12292974007.9361,18300.0,16.56019
Mauritius,2014,13074130094.3723,18970.0,16.81788
Mauritius,2015,12007291045.6489,19870.0,16.88214
Mauritius,2016,12594155346.298,21190.0,16.62236
Mauritius,2017,13713505998.0391,22380.0,16.8822
Mauritius,2018,14735695930.9727,23900.0,16.76207
Mauritius,2019,14436347115.2893,25250.0,16.38997
Morocco,1990,30179955995.515,2680.0,4.057980000000001
Morocco,1991,32285573573.9185,2920.0,4.13705
Morocco,1992,33711069430.78,2880.0,4.23045
Morocco,1993,31655473663.8348,2870.0,4.2579199999999995
Morocco,1994,35604137422.5796,3210.0,4.19621
Morocco,1995,39030285468.3841,3040.0,4.41986
Morocco,1996,43161572352.9793,3450.0,4.3592900000000006
Morocco,1997,39147844526.0838,3400.0,4.31596
Morocco,1998,46497609536.2418,3650.0,4.28463
Morocco,1999,46266427862.751,3720.0,4.22001
Morocco,2000,43017455401.4244,3840.0,4.05358
Morocco,2001,43831480206.4535,4180.0,3.98863
Morocco,2002,47077192183.7329,4360.0,3.9651099999999997
Morocco,2003,58029361338.6298,4670.0,3.92182
Morocco,2004,66114147932.3903,4970.0,3.85419
Morocco,2005,68852655479.5601,5240.0,3.77012
Morocco,2006,75883820424.0845,5740.0,3.7101300000000004
Morocco,2007,86947909744.5993,6030.0,3.72707
Morocco,2008,101822906946.027,6420.0,3.8335800000000004
Morocco,2009,101154952243.015,6540.0,3.7919300000000002
Morocco,2010,100865325482.244,6760.0,3.77116
Morocco,2011,110080631330.06099,7160.0,3.67228
Morocco,2012,106937397478.35301,7150.0,3.7496300000000002
Morocco,2013,115739288446.79901,7390.0,3.79399
Morocco,2014,119130845829.482,7010.0,4.03386
Morocco,2015,110413820681.034,7550.0,3.99645
Morocco,2016,111572946646.535,7590.0,3.99404
Morocco,2017,118540574727.55199,7800.0,4.02344
Morocco,2018,127341141871.205,8140.0,3.9658900000000004
Morocco,2019,128920265075.525,8440.0,3.9278199999999996
Namibia,1990,2789922033.09408,3940.0,1.42391
Namibia,1991,2996869281.4836397,4340.0,1.45979
Namibia,1992,3429521498.98741,4490.0,1.56582
Namibia,1993,3251189247.7013803,4370.0,1.68806
Namibia,1994,3666503185.43389,4400.0,1.91178
Namibia,1995,3978514206.31168,4640.0,1.99763
Namibia,1996,3989163041.9255295,4630.0,2.25943
Namibia,1997,4154990250.5699296,4770.0,2.37912
Namibia,1998,3873109748.79035,4890.0,2.54719
Namibia,1999,3868551624.8575797,4870.0,2.68222
Namibia,2000,3922231976.4393797,5150.0,2.9186799999999997
Namibia,2001,3557341284.0188,5180.0,3.17417
Namibia,2002,3349169932.3008,5510.0,3.4381199999999996
Namibia,2003,4926439274.97486,5970.0,3.4144400000000004
Namibia,2004,6609206506.34686,6570.0,3.39302
Namibia,2005,7248375216.59475,6670.0,3.47402
Namibia,2006,8001779551.06323,7330.0,3.68704
Namibia,2007,8839536893.68443,7660.0,3.92341
Namibia,2008,8607431845.19631,7920.0,4.27154
Namibia,2009,8938847363.87815,7860.0,4.53912
Namibia,2010,11431412421.1316,8130.0,4.65233
Namibia,2011,12523359440.5499,8690.0,4.73151
Namibia,2012,13042053856.9696,9080.0,5.21244
Namibia,2013,12043307277.1235,9840.0,5.40016
Namibia,2014,12435430396.1929,10550.0,5.66622
Namibia,2015,11335161230.1608,10770.0,5.9320900000000005
Namibia,2016,10722018975.0783,10370.0,6.41411
Namibia,2017,12895153160.466002,10150.0,7.0206
Namibia,2018,13682019171.6627,10120.0,7.159389999999999
Namibia,2019,12541928102.7657,10180.0,7.09837
Nigeria,1990,54035795387.8086,1940.0,2.34987
Nigeria,1991,49118434950.4188,1970.0,2.70178
Nigeria,1992,47794954191.501,2030.0,3.87658
Nigeria,1993,27752204787.489,1930.0,5.3636099999999995
Nigeria,1994,33833043777.7372,1920.0,7.52517
Nigeria,1995,44062465417.9421,1950.0,12.928180000000001
Nigeria,1996,51075815092.5,2030.0,16.058970000000002
Nigeria,1997,54457835603.1357,2080.0,16.58481
Nigeria,1998,54604050168.1818,2080.0,17.38576
Nigeria,1999,59372679433.1746,2130.0,19.446720000000003
Nigeria,2000,69448962760.8787,2070.0,23.32753
Nigeria,2001,74030562269.9655,2270.0,25.11235
Nigeria,2002,95054094655.3277,2570.0,29.9466
Nigeria,2003,104738980156.95801,2710.0,32.24625
Nigeria,2004,135764715375.206,2960.0,37.912420000000004
Nigeria,2005,175670536601.00598,3150.0,44.05963
Nigeria,2006,238454952231.572,3570.0,52.94066
Nigeria,2007,278260808841.03,3710.0,55.20731
Nigeria,2008,339476215683.592,3920.0,58.45928000000001
Nigeria,2009,295008767295.038,4120.0,58.48551
Nigeria,2010,366990528103.07794,4380.0,73.25050999999999
Nigeria,2011,414466540786.738,4570.0,78.77653000000001
Nigeria,2012,463971000388.61206,4660.0,86.82605
Nigeria,2013,520117163617.721,4880.0,90.26118000000001
Nigeria,2014,574183825592.3579,5240.0,92.78203
Nigeria,2015,493026782401.56104,5200.0,96.8324
Nigeria,2016,404649048648.026,5050.0,105.37392
Nigeria,2017,375745732274.676,4960.0,115.97783000000001
Nigeria,2018,421739210176.15204,4970.0,124.83939
Nigeria,2019,474517470742.749,5120.0,135.37515
Senegal,1990,7390967361.65927,1510.0,172.27598999999998
Senegal,1991,7255210474.434179,1560.0,165.10138
Senegal,1992,7769817847.278001,1580.0,160.08698
Senegal,1993,7367986228.20805,1580.0,156.51202
Senegal,1994,5034588198.68019,1570.0,205.40458999999998
Senegal,1995,6326342634.654221,1660.0,215.49629
Senegal,1996,6559712162.470571,1700.0,220.42824
Senegal,1997,6041478722.24648,1740.0,220.97733
Senegal,1998,6505607913.8244295,1830.0,224.59052000000003
Senegal,1999,6592834929.38994,1920.0,220.30579
Senegal,2000,6013185003.70967,1990.0,218.24441000000002
Senegal,2001,6507824826.95024,2080.0,228.3655
Senegal,2002,7006402324.84511,2050.0,229.14378
Senegal,2003,8768721560.57422,2170.0,222.63512999999998
Senegal,2004,10076816661.048,2270.0,216.52237000000002
Senegal,2005,11009033445.2548,2390.0,219.85002000000003
Senegal,2006,11697918245.3507,2460.0,219.42328999999998
Senegal,2007,13994218399.033998,2530.0,227.7261
Senegal,2008,16853989611.1933,2610.0,241.79975
Senegal,2009,16145867483.2198,2610.0,236.20172000000002
Senegal,2010,16121315901.8117,2660.0,237.14142999999999
Senegal,2011,17814283649.9367,2660.0,241.27606
Senegal,2012,17660870395.8103,2730.0,245.59981000000002
Senegal,2013,18918667730.5417,2730.0,247.21191000000002
Senegal,2014,19797253445.2673,2820.0,243.61833
Senegal,2015,17774766696.6987,2940.0,242.59521
Senegal,2016,19040312331.1615,3040.0,244.65771
Senegal,2017,20996562958.501,3170.0,246.78667000000002
Senegal,2018,23116701539.5646,3360.0,238.96957
Senegal,2019,23403995984.9306,3480.0,239.65476
Seychelles,1990,392163560.87991,8660.0,3.3617800000000004
Seychelles,1991,398307144.759,9140.0,3.1853700000000003
Seychelles,1992,461409398.85589004,10040.0,3.25978
Seychelles,1993,504230588.1142,10780.0,3.28073
Seychelles,1994,517570058.15103,10610.0,3.29746
Seychelles,1995,540733047.73305,10420.0,3.16278
Seychelles,1996,535250347.08948,11600.0,2.9170700000000003
Seychelles,1997,598967022.07205,13190.0,2.8927
Seychelles,1998,647287375.76253,13230.0,3.15833
Seychelles,1999,662838614.8806701,13340.0,3.17849
Seychelles,2000,654212432.43716,13930.0,3.14699
Seychelles,2001,662064193.59657,14230.0,3.26714
Seychelles,2002,742134792.36744,13240.0,3.3332300000000004
Seychelles,2003,750847276.44171,13340.0,3.46311
Seychelles,2004,893012218.1818199,14310.0,4.2047300000000005
Seychelles,2005,977899381.8181801,16010.0,4.09558
Seychelles,2006,1081441348.62605,17670.0,4.0303
Seychelles,2007,1077308888.1631699,18190.0,4.35902
Seychelles,2008,979597364.9333,17370.0,5.64248
Seychelles,2009,851064318.79214,17260.0,7.18796
Seychelles,2010,981918002.8697699,17940.0,6.95285
Seychelles,2011,1059249939.59333,20270.0,6.88387
Seychelles,2012,1089880668.3777401,20860.0,7.624689999999999
Seychelles,2013,1324915221.7211,20930.0,7.95909
Seychelles,2014,1387576413.85839,22870.0,7.8436699999999995
Seychelles,2015,1391427967.33495,22470.0,8.15708
Seychelles,2016,1458954109.81959,23850.0,7.81533
Seychelles,2017,1529773286.49646,24900.0,7.9686699999999995
Seychelles,2018,1587813245.28225,26530.0,7.93818
Seychelles,2019,1645090567.04612,28430.0,7.77152
South Africa,1990,126048148261.474,6300.0,1.2585600000000001
South Africa,1991,135203698237.97699,6350.0,1.40796
South Africa,1992,146956142398.778,6250.0,1.57914
South Africa,1993,147194766334.415,6370.0,1.7428299999999999
South Africa,1994,153512697970.738,6620.0,1.8738299999999999
South Africa,1995,171735933897.331,6840.0,2.0342599999999997
South Africa,1996,163234919052.67,7140.0,2.15794
South Africa,1997,168978069551.36,7350.0,2.29398
South Africa,1998,152982979945.103,7370.0,2.45165
South Africa,1999,151516952945.154,7560.0,2.58412
South Africa,2000,151752749926.331,7980.0,2.75889
South Africa,2001,135429908544.33801,8250.0,2.90857
South Africa,2002,129087560694.625,8670.0,3.22302
South Africa,2003,197018960967.972,9000.0,3.3627800000000003
South Africa,2004,255806928394.811,9630.0,3.47275
South Africa,2005,288867202055.144,10360.0,3.55562
South Africa,2006,303858667884.835,11170.0,3.6583699999999997
South Africa,2007,333077117253.68396,11820.0,3.85583
South Africa,2008,316131245860.682,12300.0,4.08027
South Africa,2009,329754054488.855,12150.0,4.4055
South Africa,2010,417363825016.286,12520.0,4.6199699999999995
South Africa,2011,458199486480.576,12970.0,4.77663
South Africa,2012,434400545085.81104,12810.0,5.107819999999999
South Africa,2013,400886013595.57294,13230.0,5.29574
South Africa,2014,381198869776.106,13220.0,5.57189
South Africa,2015,346709790458.563,13270.0,5.82526
South Africa,2016,323585509674.481,13350.0,6.15909
South Africa,2017,381448814653.456,13560.0,6.4267
South Africa,2018,404158882459.024,13930.0,6.5109
South Africa,2019,388531226582.351,14080.0,6.692819999999999
Sudan,1990,33641222222.2222,1400.0,0.00385
Sudan,1991,44171194366.2039,1430.0,0.00704
Sudan,1992,7031933491.8489895,1570.0,0.0144
Sudan,1993,8881010081.24942,1690.0,0.02777
Sudan,1994,12793798418.3843,1750.0,0.0705
Sudan,1995,13830369852.313,1860.0,0.14125
Sudan,1996,9018303128.0189,2010.0,0.18388
Sudan,1997,11681179570.9007,2380.0,0.24931999999999999
Sudan,1998,11250220602.973999,2450.0,0.29008
Sudan,1999,10682027634.7462,2480.0,0.33132
Sudan,2000,12257299147.2936,2590.0,0.3559
Sudan,2001,15716361539.0643,2780.0,0.42162
Sudan,2002,18137126092.2818,2900.0,0.45998999999999995
Sudan,2003,21355295732.0535,3070.0,0.49528999999999995
Sudan,2004,26646007250.7319,3220.0,0.56566
Sudan,2005,35182707173.8157,3420.0,0.64749
Sudan,2006,45263824686.0898,3620.0,0.6761699999999999
Sudan,2007,59440139774.8128,3830.0,0.75915
Sudan,2008,64833088568.394005,3900.0,0.81109
Sudan,2009,58315346841.2364,3760.0,0.8209299999999999
Sudan,2010,74151157011.5251,3680.0,0.99508
Sudan,2011,78402841444.9524,4000.0,1.23148
Sudan,2012,63196236489.3704,3710.0,1.6391900000000001
Sudan,2013,66027147864.7915,3700.0,2.20717
Sudan,2014,76818773784.7605,4460.0,2.6209599999999997
Sudan,2015,84984672415.9401,4420.0,2.96842
Sudan,2016,102943515502.994,4720.0,3.3734300000000004
Sudan,2017,129718581297.431,4430.0,4.61897
Sudan,2018,32333780383.2924,4200.0,7.03532
Sudan,2019,32338079165.2893,4090.0,10.50377
Uganda,1990,4304399314.79883,660.0,190.26423
Uganda,1991,3321729157.6129603,690.0,231.92652
Uganda,1992,2857457760.91789,700.0,328.95466
Uganda,1993,3220439044.18949,760.0,418.17902999999995
Uganda,1994,3990430446.71216,800.0,437.47605
Uganda,1995,5755818844.54988,890.0,468.66821
Uganda,1996,6044585326.938001,960.0,481.28579
Uganda,1997,6269333313.17108,1000.0,487.77159000000006
Uganda,1998,6584815846.52754,1030.0,524.71987
Uganda,1999,5998563257.946589,1100.0,516.84274
Uganda,2000,6193246837.09687,1110.0,561.57889
Uganda,2001,5840503868.57246,1150.0,574.10914
Uganda,2002,6178563590.89254,1240.0,547.3813200000001
Uganda,2003,6606884273.84919,1300.0,578.69288
Uganda,2004,7939487548.40605,1380.0,651.41041
Uganda,2005,9239221760.48232,1470.0,620.60701
Uganda,2006,9977647685.28515,1640.0,616.51342
Uganda,2007,11902564496.6908,1770.0,644.23916
Uganda,2008,14440404136.5669,1910.0,672.34519
Uganda,2009,25127805566.4511,1980.0,765.37711
Uganda,2010,26673441432.4579,2060.0,798.92468
Uganda,2011,27871725245.1688,2240.0,856.1682099999999
Uganda,2012,27305915907.9939,1990.0,1003.27728
Uganda,2013,28915786520.3935,1990.0,1042.0811800000001
Uganda,2014,32612397253.2395,2070.0,1073.74744
Uganda,2015,32387183733.0207,2130.0,1125.47131
Uganda,2016,29203988697.459,2100.0,1211.94019
Uganda,2017,30744473839.7439,2080.0,1270.6084
Uganda,2018,32927025621.3848,2180.0,1295.91194
Uganda,2019,35348155092.292,2280.0,1311.26625
Zambia,1990,3285217391.30435,1410.0,0.00957
Zambia,1991,3376806697.1218,1380.0,0.017830000000000002
Zambia,1992,3181921787.7095,1370.0,0.04629
Zambia,1993,3273507753.8784103,1500.0,0.11017
Zambia,1994,3656808232.64295,1390.0,0.19495
Zambia,1995,3806982678.8936296,1420.0,0.2494
Zambia,1996,3597220962.00017,1510.0,0.30455
Zambia,1997,4303290116.56546,1550.0,0.37544
Zambia,1998,3537741625.24395,1520.0,0.43403
Zambia,1999,3404284652.93585,1590.0,0.50472
Zambia,2000,3600631918.50658,1660.0,0.6545
Zambia,2001,4094441301.2142296,1740.0,0.8022199999999999
Zambia,2002,4193850445.42632,1790.0,0.9430700000000001
Zambia,2003,4901869715.904571,1910.0,1.08766
Zambia,2004,6221109716.39571,1960.0,1.26807
Zambia,2005,8331870169.149771,2070.0,1.43424
Zambia,2006,12756858899.2812,2190.0,1.5936299999999999
Zambia,2007,14056957976.2648,2300.0,1.7529599999999999
Zambia,2008,17910858637.9048,2530.0,1.90298
Zambia,2009,15328342303.9575,2830.0,1.9959799999999999
Zambia,2010,20265559483.8548,2930.0,2.24743
Zambia,2011,23459515275.5776,3110.0,2.44635
Zambia,2012,25503060420.026,3300.0,2.6514900000000003
Zambia,2013,28037239462.7142,3360.0,2.8328599999999997
Zambia,2014,27141023558.0829,3390.0,3.06482
Zambia,2015,21251216798.7762,3290.0,3.36648
Zambia,2016,20958412538.3093,3220.0,3.8788300000000002
Zambia,2017,25873601260.8353,3240.0,4.19258
Zambia,2018,26311506435.0598,3450.0,4.3976
Zambia,2019,23308667781.2258,3450.0,4.64987
Zimbabwe,1990,8783816700.0,1570.0,0.7587
Zimbabwe,1991,8641481700.0,1630.0,0.68414
Zimbabwe,1992,6751472200.0,1440.0,0.57439
Zimbabwe,1993,6563813300.0,1490.0,0.53981
Zimbabwe,1994,6890675000.0,1610.0,0.50794
Zimbabwe,1995,7111270700.0,1610.0,0.51262
Zimbabwe,1996,8553146600.0,1850.0,0.5486300000000001
Zimbabwe,1997,8529571600.0,1810.0,0.52381
Zimbabwe,1998,6401968200.0,1730.0,0.37787
Zimbabwe,1999,6858013100.0,1790.0,0.40245
Zimbabwe,2000,6689957600.0,1740.0,0.39601
Zimbabwe,2001,6777384700.0,1840.0,0.38678
Zimbabwe,2002,6342116400.0,1750.0,0.39116999999999996
Zimbabwe,2003,5727591800.0,1500.0,0.41736
Zimbabwe,2004,5805598400.0,1370.0,0.43738999999999995
Zimbabwe,2005,5755215200.0,1330.0,0.44588
Zimbabwe,2006,5443896500.0,1250.0,0.4238
Zimbabwe,2007,5291950100.0,1150.0,0.41634
Zimbabwe,2008,4415702800.0,780.0,0.41402
Zimbabwe,2009,9665793300.0,1350.0,0.51289
Zimbabwe,2010,12041655200.0,1660.0,0.51986
Zimbabwe,2011,14101920300.0,1850.0,0.5203399999999999
Zimbabwe,2012,17114849900.0,2090.0,0.54925
Zimbabwe,2013,19091020000.0,2270.0,0.55842
Zimbabwe,2014,19495519600.0,2270.0,0.54925
Zimbabwe,2015,19963120600.0,2310.0,0.5393
Zimbabwe,2016,20548678100.0,2390.0,0.52186
Zimbabwe,2017,17584890936.6523,2070.0,0.64079
Zimbabwe,2018,34156069918.0609,2410.0,1.8820599999999998
Zimbabwe,2019,21832234925.5021,2260.0,6.0162
