Terminal,ReportPeriod,Passenger_Count
Miscellaneous Terminal,2006-01-01,1441.0
Miscellaneous Terminal,2006-02-01,397.0
Miscellaneous Terminal,2006-03-01,1328.0
Miscellaneous Terminal,2006-04-01,938.0
Miscellaneous Terminal,2006-05-01,540.0
Miscellaneous Terminal,2006-06-01,71.0
Miscellaneous Terminal,2006-07-01,17.0
Miscellaneous Terminal,2006-08-01,17.0
Miscellaneous Terminal,2006-09-01,361.0
Miscellaneous Terminal,2006-10-01,1016.0
Miscellaneous Terminal,2006-11-01,1262.0
Miscellaneous Terminal,2006-12-01,1359.0
Miscellaneous Terminal,2007-01-01,1262.0
Miscellaneous Terminal,2007-02-01,609.0
Miscellaneous Terminal,2007-03-01,1496.0
Miscellaneous Terminal,2007-04-01,735.0
Miscellaneous Terminal,2007-05-01,103.0
Miscellaneous Terminal,2007-06-01,18.0
Miscellaneous Terminal,2007-07-01,29.0
Miscellaneous Terminal,2007-08-01,8.0
Miscellaneous Terminal,2007-09-01,8.0
Miscellaneous Terminal,2007-10-01,613.0
Miscellaneous Terminal,2007-11-01,1096.0
Miscellaneous Terminal,2007-12-01,741.0
Miscellaneous Terminal,2008-01-01,1145.0
Miscellaneous Terminal,2008-02-01,566.0
Miscellaneous Terminal,2008-03-01,1119.0
Miscellaneous Terminal,2008-04-01,514.0
Miscellaneous Terminal,2008-05-01,195.0
Miscellaneous Terminal,2008-06-01,333.0
Miscellaneous Terminal,2008-07-01,155.0
Miscellaneous Terminal,2008-08-01,82.0
Miscellaneous Terminal,2008-09-01,715.0
Miscellaneous Terminal,2008-10-01,144.0
Miscellaneous Terminal,2008-11-01,723.0
Miscellaneous Terminal,2008-12-01,731.0
Miscellaneous Terminal,2009-01-01,1111.0
Miscellaneous Terminal,2009-02-01,242.0
Miscellaneous Terminal,2009-03-01,1146.0
Miscellaneous Terminal,2009-04-01,437.0
Miscellaneous Terminal,2009-05-01,57.0
Miscellaneous Terminal,2009-06-01,377.0
Miscellaneous Terminal,2009-07-01,277.0
Miscellaneous Terminal,2009-08-01,95.0
Miscellaneous Terminal,2009-09-01,2.0
Miscellaneous Terminal,2009-10-01,78.0
Miscellaneous Terminal,2009-11-01,234.0
Miscellaneous Terminal,2009-12-01,1276.0
Miscellaneous Terminal,2010-01-01,2046.0
Miscellaneous Terminal,2010-02-01,170.0
Miscellaneous Terminal,2010-03-01,509.0
Miscellaneous Terminal,2010-04-01,41.0
Miscellaneous Terminal,2010-05-01,62.0
Miscellaneous Terminal,2010-06-01,153.0
Miscellaneous Terminal,2010-07-01,651.0
Miscellaneous Terminal,2010-08-01,236.0
Miscellaneous Terminal,2010-09-01,259.0
Miscellaneous Terminal,2010-10-01,96.0
Miscellaneous Terminal,2010-11-01,729.0
Miscellaneous Terminal,2010-12-01,3230.0
Miscellaneous Terminal,2011-01-01,3529.0
Miscellaneous Terminal,2011-02-01,235.0
Miscellaneous Terminal,2011-03-01,303.0
Miscellaneous Terminal,2011-04-01,160.0
Miscellaneous Terminal,2011-05-01,223.0
Miscellaneous Terminal,2011-06-01,114.0
Miscellaneous Terminal,2011-07-01,7.0
Miscellaneous Terminal,2011-08-01,40.0
Miscellaneous Terminal,2011-09-01,32.0
Miscellaneous Terminal,2011-10-01,142.0
Miscellaneous Terminal,2011-11-01,278.0
Miscellaneous Terminal,2011-12-01,1445.0
Miscellaneous Terminal,2012-01-01,1226.0
Miscellaneous Terminal,2012-02-01,628.0
Miscellaneous Terminal,2012-03-01,280.0
Miscellaneous Terminal,2012-04-01,155.0
Miscellaneous Terminal,2012-05-01,300.0
Miscellaneous Terminal,2012-06-01,255.0
Miscellaneous Terminal,2012-07-01,90.0
Miscellaneous Terminal,2012-08-01,294.0
Miscellaneous Terminal,2012-09-01,334.0
Miscellaneous Terminal,2012-10-01,826.0
Miscellaneous Terminal,2012-11-01,56162.0
Miscellaneous Terminal,2012-12-01,102317.0
Miscellaneous Terminal,2013-01-01,100490.0
Miscellaneous Terminal,2013-02-01,135266.0
Miscellaneous Terminal,2013-03-01,159876.0
Miscellaneous Terminal,2013-04-01,152534.0
Miscellaneous Terminal,2013-05-01,156642.0
Miscellaneous Terminal,2013-06-01,167105.0
Miscellaneous Terminal,2013-07-01,174437.0
Miscellaneous Terminal,2013-08-01,169254.0
Miscellaneous Terminal,2013-09-01,148404.0
Miscellaneous Terminal,2013-10-01,129427.0
Miscellaneous Terminal,2013-11-01,142780.0
Miscellaneous Terminal,2013-12-01,163893.0
Miscellaneous Terminal,2014-01-01,155983.0
Miscellaneous Terminal,2014-02-01,143972.0
Miscellaneous Terminal,2014-03-01,162906.0
Miscellaneous Terminal,2014-04-01,145801.0
Miscellaneous Terminal,2014-05-01,155496.0
Miscellaneous Terminal,2014-06-01,150912.0
Miscellaneous Terminal,2014-07-01,162186.0
Miscellaneous Terminal,2014-08-01,121919.0
Miscellaneous Terminal,2014-09-01,95087.0
Miscellaneous Terminal,2014-10-01,99628.0
Miscellaneous Terminal,2014-11-01,92314.0
Miscellaneous Terminal,2014-12-01,96328.0
Miscellaneous Terminal,2015-01-01,181402.0
Miscellaneous Terminal,2015-02-01,175506.0
Miscellaneous Terminal,2015-03-01,203065.0
Miscellaneous Terminal,2015-04-01,191942.0
Miscellaneous Terminal,2015-05-01,207979.0
Miscellaneous Terminal,2015-06-01,210921.0
Miscellaneous Terminal,2015-07-01,211946.0
Miscellaneous Terminal,2015-08-01,206385.0
Miscellaneous Terminal,2015-09-01,174451.0
Miscellaneous Terminal,2015-10-01,191976.0
Miscellaneous Terminal,2015-11-01,178450.0
Miscellaneous Terminal,2015-12-01,197953.0
Miscellaneous Terminal,2016-01-01,198145.0
Miscellaneous Terminal,2016-02-01,186490.0
Miscellaneous Terminal,2016-03-01,198377.0
Miscellaneous Terminal,2016-04-01,196628.0
Miscellaneous Terminal,2016-05-01,212910.0
Miscellaneous Terminal,2016-06-01,259107.0
Miscellaneous Terminal,2016-07-01,268170.0
Miscellaneous Terminal,2016-08-01,250362.0
Miscellaneous Terminal,2016-09-01,227788.0
Miscellaneous Terminal,2016-10-01,235929.0
Miscellaneous Terminal,2016-11-01,223828.0
Miscellaneous Terminal,2016-12-01,231346.0
Miscellaneous Terminal,2017-01-01,230695.0
Miscellaneous Terminal,2017-02-01,216761.0
Miscellaneous Terminal,2017-03-01,254034.0
Miscellaneous Terminal,2017-04-01,234222.0
Miscellaneous Terminal,2017-05-01,234425.0
Miscellaneous Terminal,2017-06-01,255918.0
Miscellaneous Terminal,2017-07-01,265909.0
Miscellaneous Terminal,2017-08-01,255932.0
Miscellaneous Terminal,2017-09-01,242060.0
Miscellaneous Terminal,2017-10-01,256510.0
Miscellaneous Terminal,2017-11-01,246264.0
Miscellaneous Terminal,2017-12-01,258203.0
Miscellaneous Terminal,2018-01-01,230811.0
Miscellaneous Terminal,2018-02-01,217731.0
Miscellaneous Terminal,2018-03-01,245590.0
Miscellaneous Terminal,2018-04-01,247143.0
Miscellaneous Terminal,2018-05-01,258108.0
Miscellaneous Terminal,2018-06-01,254367.0
Miscellaneous Terminal,2018-07-01,261660.0
Miscellaneous Terminal,2018-08-01,261809.0
Miscellaneous Terminal,2018-09-01,250552.0
Miscellaneous Terminal,2018-10-01,266767.0
Miscellaneous Terminal,2018-11-01,245709.0
Miscellaneous Terminal,2018-12-01,254334.0
Miscellaneous Terminal,2019-01-01,236988.0
Miscellaneous Terminal,2019-02-01,225035.0
Miscellaneous Terminal,2019-03-01,268836.0
Miscellaneous Terminal,2019-04-01,245752.0
Miscellaneous Terminal,2019-05-01,257015.0
Miscellaneous Terminal,2019-06-01,263433.0
Miscellaneous Terminal,2019-07-01,270032.0
Miscellaneous Terminal,2019-08-01,259767.0
Miscellaneous Terminal,2019-09-01,229520.0
Miscellaneous Terminal,2019-10-01,235609.0
Miscellaneous Terminal,2019-11-01,219695.0
Miscellaneous Terminal,2019-12-01,252797.0
Miscellaneous Terminal,2020-01-01,223550.0
Miscellaneous Terminal,2020-02-01,214902.0
Miscellaneous Terminal,2020-03-01,118226.0
Miscellaneous Terminal,2020-04-01,1963.0
Miscellaneous Terminal,2020-05-01,207.0
Miscellaneous Terminal,2020-06-01,232.0
Miscellaneous Terminal,2020-07-01,33.0
Miscellaneous Terminal,2020-08-01,547.0
Miscellaneous Terminal,2020-09-01,961.0
Miscellaneous Terminal,2020-10-01,1268.0
Miscellaneous Terminal,2020-11-01,890.0
Miscellaneous Terminal,2020-12-01,633.0
Miscellaneous Terminal,2021-01-01,6191.0
Miscellaneous Terminal,2021-02-01,4447.0
Miscellaneous Terminal,2021-03-01,637.0
Miscellaneous Terminal,2021-04-01,40655.0
Miscellaneous Terminal,2021-05-01,59984.0
Miscellaneous Terminal,2021-06-01,133648.0
Miscellaneous Terminal,2021-07-01,150014.0
Miscellaneous Terminal,2021-08-01,131919.0
Miscellaneous Terminal,2021-09-01,114465.0
Miscellaneous Terminal,2021-10-01,139268.0
Miscellaneous Terminal,2021-11-01,121702.0
Miscellaneous Terminal,2021-12-01,110845.0
Miscellaneous Terminal,2022-01-01,86474.0
Miscellaneous Terminal,2022-02-01,71284.0
Miscellaneous Terminal,2022-03-01,101285.0
Miscellaneous Terminal,2022-04-01,96793.0
Miscellaneous Terminal,2022-05-01,123077.0
Miscellaneous Terminal,2022-06-01,113569.0
Miscellaneous Terminal,2022-07-01,109661.0
Miscellaneous Terminal,2022-08-01,100320.0
Miscellaneous Terminal,2022-09-01,112192.0
Miscellaneous Terminal,2022-10-01,108729.0
Miscellaneous Terminal,2022-11-01,95326.0
Miscellaneous Terminal,2022-12-01,96449.0
Miscellaneous Terminal,2023-01-01,95417.0
Miscellaneous Terminal,2023-02-01,89885.0
Miscellaneous Terminal,2023-03-01,106560.0
Miscellaneous Terminal,2023-04-01,99255.0
Miscellaneous Terminal,2023-05-01,105504.0
Miscellaneous Terminal,2023-06-01,104722.0
Miscellaneous Terminal,2023-07-01,114483.0
Miscellaneous Terminal,2023-08-01,109358.0
Miscellaneous Terminal,2023-09-01,113489.0
Miscellaneous Terminal,2023-10-01,118742.0
T1,2006-01-01,791841.0
T1,2006-02-01,698232.0
T1,2006-03-01,856951.0
T1,2006-04-01,875935.0
T1,2006-05-01,885193.0
T1,2006-06-01,920210.0
T1,2006-07-01,938338.0
T1,2006-08-01,923931.0
T1,2006-09-01,758999.0
T1,2006-10-01,789837.0
T1,2006-11-01,826119.0
T1,2006-12-01,834560.0
T1,2007-01-01,773800.0
T1,2007-02-01,714572.0
T1,2007-03-01,868044.0
T1,2007-04-01,859634.0
T1,2007-05-01,875325.0
T1,2007-06-01,944834.0
T1,2007-07-01,960287.0
T1,2007-08-01,979465.0
T1,2007-09-01,754075.0
T1,2007-10-01,785366.0
T1,2007-11-01,795848.0
T1,2007-12-01,792705.0
T1,2008-01-01,731730.0
T1,2008-02-01,734675.0
T1,2008-03-01,856247.0
T1,2008-04-01,801983.0
T1,2008-05-01,858743.0
T1,2008-06-01,896232.0
T1,2008-07-01,903307.0
T1,2008-08-01,895499.0
T1,2008-09-01,726724.0
T1,2008-10-01,797400.0
T1,2008-11-01,720167.0
T1,2008-12-01,785975.0
T1,2009-01-01,692106.0
T1,2009-02-01,621238.0
T1,2009-03-01,770330.0
T1,2009-04-01,768101.0
T1,2009-05-01,755532.0
T1,2009-06-01,783817.0
T1,2009-07-01,811221.0
T1,2009-08-01,773842.0
T1,2009-09-01,693080.0
T1,2009-10-01,745261.0
T1,2009-11-01,697153.0
T1,2009-12-01,736793.0
T1,2010-01-01,665920.0
T1,2010-02-01,586855.0
T1,2010-03-01,723449.0
T1,2010-04-01,708863.0
T1,2010-05-01,750788.0
T1,2010-06-01,788966.0
T1,2010-07-01,808716.0
T1,2010-08-01,799707.0
T1,2010-09-01,688791.0
T1,2010-10-01,753716.0
T1,2010-11-01,732897.0
T1,2010-12-01,761076.0
T1,2011-01-01,703486.0
T1,2011-02-01,628519.0
T1,2011-03-01,771548.0
T1,2011-04-01,748065.0
T1,2011-05-01,795259.0
T1,2011-06-01,804680.0
T1,2011-07-01,840651.0
T1,2011-08-01,821702.0
T1,2011-09-01,708171.0
T1,2011-10-01,753607.0
T1,2011-11-01,734578.0
T1,2011-12-01,743611.0
T1,2012-01-01,672997.0
T1,2012-02-01,623448.0
T1,2012-03-01,768268.0
T1,2012-04-01,747305.0
T1,2012-05-01,823903.0
T1,2012-06-01,857089.0
T1,2012-07-01,915597.0
T1,2012-08-01,909612.0
T1,2012-09-01,764696.0
T1,2012-10-01,803669.0
T1,2012-11-01,779790.0
T1,2012-12-01,769180.0
T1,2013-01-01,706179.0
T1,2013-02-01,656080.0
T1,2013-03-01,842606.0
T1,2013-04-01,790065.0
T1,2013-05-01,846083.0
T1,2013-06-01,884751.0
T1,2013-07-01,879363.0
T1,2013-08-01,868905.0
T1,2013-09-01,741748.0
T1,2013-10-01,803093.0
T1,2013-11-01,767005.0
T1,2013-12-01,865392.0
T1,2014-01-01,761915.0
T1,2014-02-01,581573.0
T1,2014-03-01,668422.0
T1,2014-04-01,653182.0
T1,2014-05-01,686041.0
T1,2014-06-01,772684.0
T1,2014-07-01,773439.0
T1,2014-08-01,753178.0
T1,2014-09-01,637936.0
T1,2014-10-01,701527.0
T1,2014-11-01,678784.0
T1,2014-12-01,731799.0
T1,2015-01-01,623065.0
T1,2015-02-01,591061.0
T1,2015-03-01,736764.0
T1,2015-04-01,730489.0
T1,2015-05-01,770811.0
T1,2015-06-01,761105.0
T1,2015-07-01,786240.0
T1,2015-08-01,734002.0
T1,2015-09-01,643522.0
T1,2015-10-01,712425.0
T1,2015-11-01,754967.0
T1,2015-12-01,770950.0
T1,2016-01-01,671231.0
T1,2016-02-01,627986.0
T1,2016-03-01,783813.0
T1,2016-04-01,774270.0
T1,2016-05-01,820982.0
T1,2016-06-01,831090.0
T1,2016-07-01,829995.0
T1,2016-08-01,824295.0
T1,2016-09-01,769945.0
T1,2016-10-01,811488.0
T1,2016-11-01,805448.0
T1,2016-12-01,806666.0
T1,2017-01-01,732290.0
T1,2017-02-01,664292.0
T1,2017-03-01,825388.0
T1,2017-04-01,832306.0
T1,2017-05-01,830805.0
T1,2017-06-01,836908.0
T1,2017-07-01,854942.0
T1,2017-08-01,819791.0
T1,2017-09-01,755709.0
T1,2017-10-01,840465.0
T1,2017-11-01,825781.0
T1,2017-12-01,799647.0
T1,2018-01-01,774880.0
T1,2018-02-01,694929.0
T1,2018-03-01,834602.0
T1,2018-04-01,804000.0
T1,2018-05-01,841724.0
T1,2018-06-01,836381.0
T1,2018-07-01,845969.0
T1,2018-08-01,849729.0
T1,2018-09-01,749606.0
T1,2018-10-01,846085.0
T1,2018-11-01,825788.0
T1,2018-12-01,826040.0
T1,2019-01-01,751380.0
T1,2019-02-01,704412.0
T1,2019-03-01,862916.0
T1,2019-04-01,827726.0
T1,2019-05-01,850601.0
T1,2019-06-01,824997.0
T1,2019-07-01,836457.0
T1,2019-08-01,800680.0
T1,2019-09-01,748449.0
T1,2019-10-01,796552.0
T1,2019-11-01,747204.0
T1,2019-12-01,808854.0
T1,2020-01-01,656340.0
T1,2020-02-01,611815.0
T1,2020-03-01,408079.5
T1,2020-04-01,408079.5
T1,2020-05-01,408079.5
T1,2020-06-01,408079.5
T1,2020-07-01,408079.5
T1,2020-08-01,408079.5
T1,2020-09-01,408079.5
T1,2020-10-01,408079.5
T1,2020-11-01,408079.5
T1,2020-12-01,408079.5
T1,2021-01-01,408079.5
T1,2021-02-01,408079.5
T1,2021-03-01,408079.5
T1,2021-04-01,408079.5
T1,2021-05-01,408079.5
T1,2021-06-01,452759.0
T1,2021-07-01,518549.0
T1,2021-08-01,482312.0
T1,2021-09-01,454714.0
T1,2021-10-01,513563.0
T1,2021-11-01,518992.0
T1,2021-12-01,521356.0
T1,2022-01-01,408079.5
T1,2022-02-01,411633.0
T1,2022-03-01,498687.0
T1,2022-04-01,589640.0
T1,2022-05-01,631341.0
T1,2022-06-01,575406.0
T1,2022-07-01,595349.0
T1,2022-08-01,590433.0
T1,2022-09-01,553223.0
T1,2022-10-01,596173.0
T1,2022-11-01,551472.0
T1,2022-12-01,486638.0
T1,2023-01-01,488316.0
T1,2023-02-01,467392.0
T1,2023-03-01,550448.0
T1,2023-04-01,599159.0
T1,2023-05-01,673394.0
T1,2023-06-01,654339.0
T1,2023-07-01,669980.0
T1,2023-08-01,656627.0
T1,2023-09-01,592666.0
T1,2023-10-01,643486.0
T2,2006-01-01,512481.0
T2,2006-02-01,447369.0
T2,2006-03-01,513756.0
T2,2006-04-01,505654.0
T2,2006-05-01,521099.0
T2,2006-06-01,553995.0
T2,2006-07-01,621802.0
T2,2006-08-01,610712.0
T2,2006-09-01,510530.0
T2,2006-10-01,522162.0
T2,2006-11-01,493196.0
T2,2006-12-01,526511.0
T2,2007-01-01,504020.0
T2,2007-02-01,445515.0
T2,2007-03-01,518798.0
T2,2007-04-01,480312.0
T2,2007-05-01,512060.0
T2,2007-06-01,553734.0
T2,2007-07-01,616883.0
T2,2007-08-01,596190.0
T2,2007-09-01,518985.0
T2,2007-10-01,506578.0
T2,2007-11-01,480938.0
T2,2007-12-01,517918.0
T2,2008-01-01,511958.0
T2,2008-02-01,457477.0
T2,2008-03-01,539376.0
T2,2008-04-01,498579.0
T2,2008-05-01,511987.0
T2,2008-06-01,538963.0
T2,2008-07-01,585106.0
T2,2008-08-01,575014.0
T2,2008-09-01,488189.0
T2,2008-10-01,495490.0
T2,2008-11-01,451115.0
T2,2008-12-01,500071.0
T2,2009-01-01,457512.0
T2,2009-02-01,395614.0
T2,2009-03-01,455940.0
T2,2009-04-01,470684.0
T2,2009-05-01,469892.0
T2,2009-06-01,519572.0
T2,2009-07-01,390555.0
T2,2009-08-01,385876.0
T2,2009-09-01,312995.0
T2,2009-10-01,309045.0
T2,2009-11-01,300568.0
T2,2009-12-01,381707.0
T2,2010-01-01,372100.0
T2,2010-02-01,296954.0
T2,2010-03-01,349676.0
T2,2010-04-01,346135.0
T2,2010-05-01,363595.0
T2,2010-06-01,413329.0
T2,2010-07-01,478547.0
T2,2010-08-01,491044.0
T2,2010-09-01,423732.0
T2,2010-10-01,423457.0
T2,2010-11-01,390103.0
T2,2010-12-01,439414.0
T2,2011-01-01,424962.0
T2,2011-02-01,361605.0
T2,2011-03-01,411308.0
T2,2011-04-01,416573.0
T2,2011-05-01,432816.0
T2,2011-06-01,460079.0
T2,2011-07-01,509534.0
T2,2011-08-01,493260.0
T2,2011-09-01,438549.0
T2,2011-10-01,431873.0
T2,2011-11-01,381551.0
T2,2011-12-01,428384.0
T2,2012-01-01,423599.0
T2,2012-02-01,367209.0
T2,2012-03-01,428930.0
T2,2012-04-01,410875.0
T2,2012-05-01,425515.0
T2,2012-06-01,451344.0
T2,2012-07-01,551447.0
T2,2012-08-01,542952.0
T2,2012-09-01,456140.0
T2,2012-10-01,436057.0
T2,2012-11-01,371957.0
T2,2012-12-01,427336.0
T2,2013-01-01,408750.0
T2,2013-02-01,361726.0
T2,2013-03-01,401191.0
T2,2013-04-01,403252.0
T2,2013-05-01,447870.0
T2,2013-06-01,513741.0
T2,2013-07-01,603917.0
T2,2013-08-01,581819.0
T2,2013-09-01,470878.0
T2,2013-10-01,459183.0
T2,2013-11-01,400930.0
T2,2013-12-01,475802.0
T2,2014-01-01,464144.0
T2,2014-02-01,384297.0
T2,2014-03-01,444074.0
T2,2014-04-01,418475.0
T2,2014-05-01,463161.0
T2,2014-06-01,479074.0
T2,2014-07-01,581749.0
T2,2014-08-01,576694.0
T2,2014-09-01,463370.0
T2,2014-10-01,442958.0
T2,2014-11-01,398152.0
T2,2014-12-01,409423.0
T2,2015-01-01,383442.0
T2,2015-02-01,332711.0
T2,2015-03-01,399959.0
T2,2015-04-01,402667.0
T2,2015-05-01,451812.0
T2,2015-06-01,506544.0
T2,2015-07-01,545603.0
T2,2015-08-01,531031.0
T2,2015-09-01,406555.0
T2,2015-10-01,407525.0
T2,2015-11-01,372996.0
T2,2015-12-01,422108.0
T2,2016-01-01,410621.0
T2,2016-02-01,366444.0
T2,2016-03-01,436947.0
T2,2016-04-01,417411.0
T2,2016-05-01,477100.0
T2,2016-06-01,545187.0
T2,2016-07-01,631495.0
T2,2016-08-01,598810.0
T2,2016-09-01,474692.0
T2,2016-10-01,483501.0
T2,2016-11-01,461772.0
T2,2016-12-01,526500.0
T2,2017-01-01,494646.0
T2,2017-02-01,406688.0
T2,2017-03-01,476405.0
T2,2017-04-01,507584.0
T2,2017-05-01,617149.0
T2,2017-06-01,758226.0
T2,2017-07-01,808491.0
T2,2017-08-01,794942.0
T2,2017-09-01,659487.0
T2,2017-10-01,678575.0
T2,2017-11-01,624563.0
T2,2017-12-01,666416.0
T2,2018-01-01,607092.0
T2,2018-02-01,566699.0
T2,2018-03-01,648238.0
T2,2018-04-01,605372.0
T2,2018-05-01,594401.0
T2,2018-06-01,682677.0
T2,2018-07-01,732764.0
T2,2018-08-01,729066.0
T2,2018-09-01,636041.0
T2,2018-10-01,650219.0
T2,2018-11-01,617723.0
T2,2018-12-01,651614.0
T2,2019-01-01,612692.0
T2,2019-02-01,578039.0
T2,2019-03-01,651254.0
T2,2019-04-01,682869.0
T2,2019-05-01,747605.0
T2,2019-06-01,790725.0
T2,2019-07-01,830133.0
T2,2019-08-01,806998.0
T2,2019-09-01,704988.0
T2,2019-10-01,678624.0
T2,2019-11-01,614387.0
T2,2019-12-01,718676.0
T2,2020-01-01,632240.0
T2,2020-02-01,577905.0
T2,2020-03-01,354143.0
T2,2020-04-01,141402.625
T2,2020-05-01,141402.625
T2,2020-06-01,183502.0
T2,2020-07-01,231530.0
T2,2020-08-01,264214.0
T2,2020-09-01,317967.0
T2,2020-10-01,404787.0
T2,2020-11-01,370818.0
T2,2020-12-01,402645.0
T2,2021-01-01,363237.0
T2,2021-02-01,347810.0
T2,2021-03-01,498100.0
T2,2021-04-01,572510.0
T2,2021-05-01,885863.0
T2,2021-06-01,890849.625
T2,2021-07-01,890849.625
T2,2021-08-01,890849.625
T2,2021-09-01,842696.0
T2,2021-10-01,890849.625
T2,2021-11-01,890849.625
T2,2021-12-01,890849.625
T2,2022-01-01,728649.0
T2,2022-02-01,834066.0
T2,2022-03-01,890849.625
T2,2022-04-01,890849.625
T2,2022-05-01,890849.625
T2,2022-06-01,890849.625
T2,2022-07-01,844602.0
T2,2022-08-01,857206.0
T2,2022-09-01,813909.0
T2,2022-10-01,551046.0
T2,2022-11-01,494952.0
T2,2022-12-01,499198.0
T2,2023-01-01,501805.0
T2,2023-02-01,452432.0
T2,2023-03-01,547893.0
T2,2023-04-01,555034.0
T2,2023-05-01,602508.0
T2,2023-06-01,734136.0
T2,2023-07-01,773037.0
T2,2023-08-01,780965.0
T2,2023-09-01,668028.0
T2,2023-10-01,652874.0
T3,2006-01-01,329293.0
T3,2006-02-01,312110.0
T3,2006-03-01,370790.0
T3,2006-04-01,361300.0
T3,2006-05-01,365746.0
T3,2006-06-01,395341.0
T3,2006-07-01,448282.0
T3,2006-08-01,460648.0
T3,2006-09-01,352219.0
T3,2006-10-01,354415.0
T3,2006-11-01,370440.0
T3,2006-12-01,393321.0
T3,2007-01-01,359932.0
T3,2007-02-01,336606.0
T3,2007-03-01,420472.0
T3,2007-04-01,413037.0
T3,2007-05-01,441961.0
T3,2007-06-01,496822.0
T3,2007-07-01,550182.0
T3,2007-08-01,554121.0
T3,2007-09-01,379895.0
T3,2007-10-01,391395.0
T3,2007-11-01,377198.0
T3,2007-12-01,409017.0
T3,2008-01-01,352376.0
T3,2008-02-01,346045.0
T3,2008-03-01,414976.0
T3,2008-04-01,372612.0
T3,2008-05-01,432766.0
T3,2008-06-01,447185.0
T3,2008-07-01,479667.0
T3,2008-08-01,473525.0
T3,2008-09-01,259858.0
T3,2008-10-01,244078.0
T3,2008-11-01,239659.0
T3,2008-12-01,362029.0
T3,2009-01-01,316282.0
T3,2009-02-01,315198.0
T3,2009-03-01,387547.0
T3,2009-04-01,381299.0
T3,2009-05-01,384039.0
T3,2009-06-01,414966.0
T3,2009-07-01,436385.0
T3,2009-08-01,430912.0
T3,2009-09-01,372791.0
T3,2009-10-01,381081.0
T3,2009-11-01,379318.0
T3,2009-12-01,419514.0
T3,2010-01-01,375316.0
T3,2010-02-01,342743.0
T3,2010-03-01,407586.0
T3,2010-04-01,396341.0
T3,2010-05-01,403735.0
T3,2010-06-01,433746.0
T3,2010-07-01,458058.0
T3,2010-08-01,462540.0
T3,2010-09-01,389803.0
T3,2010-10-01,458735.0
T3,2010-11-01,460761.0
T3,2010-12-01,509259.0
T3,2011-01-01,450793.0
T3,2011-02-01,440327.0
T3,2011-03-01,536268.0
T3,2011-04-01,522794.0
T3,2011-05-01,571258.0
T3,2011-06-01,619637.0
T3,2011-07-01,660035.0
T3,2011-08-01,651358.0
T3,2011-09-01,559487.0
T3,2011-10-01,568198.0
T3,2011-11-01,560217.0
T3,2011-12-01,574904.0
T3,2012-01-01,534453.0
T3,2012-02-01,516637.0
T3,2012-03-01,537013.0
T3,2012-04-01,398297.0
T3,2012-05-01,373429.0
T3,2012-06-01,395149.0
T3,2012-07-01,427970.0
T3,2012-08-01,431570.0
T3,2012-09-01,364538.0
T3,2012-10-01,351610.0
T3,2012-11-01,352092.0
T3,2012-12-01,370565.0
T3,2013-01-01,332794.0
T3,2013-02-01,297615.0
T3,2013-03-01,374672.0
T3,2013-04-01,389514.0
T3,2013-05-01,483637.0
T3,2013-06-01,527924.0
T3,2013-07-01,553935.0
T3,2013-08-01,516539.0
T3,2013-09-01,445114.0
T3,2013-10-01,479243.0
T3,2013-11-01,410014.0
T3,2013-12-01,470843.0
T3,2014-01-01,426062.0
T3,2014-02-01,460423.0
T3,2014-03-01,620989.0
T3,2014-04-01,630440.0
T3,2014-05-01,667821.0
T3,2014-06-01,736283.0
T3,2014-07-01,768225.0
T3,2014-08-01,756541.0
T3,2014-09-01,612876.0
T3,2014-10-01,655158.0
T3,2014-11-01,462309.0
T3,2014-12-01,476729.0
T3,2015-01-01,432835.0
T3,2015-02-01,390921.0
T3,2015-03-01,467416.0
T3,2015-04-01,485522.0
T3,2015-05-01,552382.0
T3,2015-06-01,600006.0
T3,2015-07-01,643470.0
T3,2015-08-01,626993.0
T3,2015-09-01,532535.0
T3,2015-10-01,587904.0
T3,2015-11-01,573046.0
T3,2015-12-01,610011.0
T3,2016-01-01,562345.0
T3,2016-02-01,535474.0
T3,2016-03-01,619628.0
T3,2016-04-01,626503.0
T3,2016-05-01,687784.0
T3,2016-06-01,743916.0
T3,2016-07-01,797235.0
T3,2016-08-01,758594.0
T3,2016-09-01,673688.0
T3,2016-10-01,696204.0
T3,2016-11-01,675508.0
T3,2016-12-01,665063.0
T3,2017-01-01,651061.0
T3,2017-02-01,584234.0
T3,2017-03-01,699796.0
T3,2017-04-01,711270.0
T3,2017-05-01,678395.0
T3,2017-06-01,676086.0
T3,2017-07-01,692299.0
T3,2017-08-01,682075.0
T3,2017-09-01,568511.0
T3,2017-10-01,633955.0
T3,2017-11-01,598031.0
T3,2017-12-01,599352.0
T3,2018-01-01,564973.0
T3,2018-02-01,528538.0
T3,2018-03-01,692082.0
T3,2018-04-01,724947.0
T3,2018-05-01,768718.0
T3,2018-06-01,771365.0
T3,2018-07-01,820900.0
T3,2018-08-01,783430.0
T3,2018-09-01,640551.0
T3,2018-10-01,650073.0
T3,2018-11-01,607348.0
T3,2018-12-01,632481.0
T3,2019-01-01,590361.0
T3,2019-02-01,534481.0
T3,2019-03-01,732689.0
T3,2019-04-01,697256.0
T3,2019-05-01,710236.0
T3,2019-06-01,757371.0
T3,2019-07-01,793245.0
T3,2019-08-01,761084.0
T3,2019-09-01,609867.0
T3,2019-10-01,654696.0
T3,2019-11-01,572743.0
T3,2019-12-01,635712.0
T3,2020-01-01,603124.0
T3,2020-02-01,562140.0
T3,2020-03-01,290523.0
T3,2020-04-01,16740.125
T3,2020-05-01,16740.125
T3,2020-06-01,16740.125
T3,2020-07-01,16740.125
T3,2020-08-01,51383.0
T3,2020-09-01,16740.125
T3,2020-10-01,16740.125
T3,2020-11-01,16740.125
T3,2020-12-01,16740.125
T3,2021-01-01,16740.125
T3,2021-02-01,16740.125
T3,2021-03-01,16740.125
T3,2021-04-01,16740.125
T3,2021-05-01,16740.125
T3,2021-06-01,16740.125
T3,2021-07-01,16740.125
T3,2021-08-01,16740.125
T3,2021-09-01,16740.125
T3,2021-10-01,16740.125
T3,2021-11-01,16740.125
T3,2021-12-01,16740.125
T3,2022-01-01,16740.125
T3,2022-02-01,16740.125
T3,2022-03-01,16740.125
T3,2022-04-01,16740.125
T3,2022-05-01,24225.0
T3,2022-06-01,175634.0
T3,2022-07-01,207072.0
T3,2022-08-01,209231.0
T3,2022-09-01,210856.0
T3,2022-10-01,559050.0
T3,2022-11-01,531281.0
T3,2022-12-01,578492.0
T3,2023-01-01,531579.0
T3,2023-02-01,471888.0
T3,2023-03-01,593206.0
T3,2023-04-01,578053.0
T3,2023-05-01,575955.0
T3,2023-06-01,612523.0
T3,2023-07-01,668212.0
T3,2023-08-01,675236.0
T3,2023-09-01,552029.0
T3,2023-10-01,567396.0
T4,2006-01-01,866261.0
T4,2006-02-01,779400.0
T4,2006-03-01,928620.0
T4,2006-04-01,933525.0
T4,2006-05-01,950611.0
T4,2006-06-01,986180.0
T4,2006-07-01,1036800.0
T4,2006-08-01,990323.0
T4,2006-09-01,858903.0
T4,2006-10-01,909993.0
T4,2006-11-01,896668.0
T4,2006-12-01,944269.0
T4,2007-01-01,886026.0
T4,2007-02-01,798321.0
T4,2007-03-01,951158.0
T4,2007-04-01,944115.0
T4,2007-05-01,940907.0
T4,2007-06-01,988009.0
T4,2007-07-01,1034382.0
T4,2007-08-01,1013748.0
T4,2007-09-01,867029.0
T4,2007-10-01,937147.0
T4,2007-11-01,914614.0
T4,2007-12-01,960088.0
T4,2008-01-01,876714.0
T4,2008-02-01,819814.0
T4,2008-03-01,909417.0
T4,2008-04-01,898211.0
T4,2008-05-01,950659.0
T4,2008-06-01,955253.0
T4,2008-07-01,1009193.0
T4,2008-08-01,982971.0
T4,2008-09-01,790066.0
T4,2008-10-01,795590.0
T4,2008-11-01,768924.0
T4,2008-12-01,767980.0
T4,2009-01-01,748159.0
T4,2009-02-01,682804.0
T4,2009-03-01,810152.0
T4,2009-04-01,828106.0
T4,2009-05-01,831899.0
T4,2009-06-01,858155.0
T4,2009-07-01,910437.0
T4,2009-08-01,886143.0
T4,2009-09-01,771618.0
T4,2009-10-01,841418.0
T4,2009-11-01,759421.0
T4,2009-12-01,791583.0
T4,2010-01-01,741495.0
T4,2010-02-01,649308.0
T4,2010-03-01,806473.0
T4,2010-04-01,803713.0
T4,2010-05-01,824939.0
T4,2010-06-01,858354.0
T4,2010-07-01,894187.0
T4,2010-08-01,882974.0
T4,2010-09-01,757980.0
T4,2010-10-01,816247.0
T4,2010-11-01,757378.0
T4,2010-12-01,779729.0
T4,2011-01-01,734572.0
T4,2011-02-01,670548.0
T4,2011-03-01,787428.0
T4,2011-04-01,870864.0
T4,2011-05-01,923636.0
T4,2011-06-01,946025.0
T4,2011-07-01,995017.0
T4,2011-08-01,957020.0
T4,2011-09-01,856334.0
T4,2011-10-01,882929.0
T4,2011-11-01,846191.0
T4,2011-12-01,862162.0
T4,2012-01-01,859560.0
T4,2012-02-01,801664.0
T4,2012-03-01,929505.0
T4,2012-04-01,917132.0
T4,2012-05-01,949625.0
T4,2012-06-01,955422.0
T4,2012-07-01,1020980.0
T4,2012-08-01,1021000.0
T4,2012-09-01,861721.0
T4,2012-10-01,912086.0
T4,2012-11-01,833281.0
T4,2012-12-01,807161.0
T4,2013-01-01,769154.0
T4,2013-02-01,637759.0
T4,2013-03-01,773066.0
T4,2013-04-01,762528.0
T4,2013-05-01,790977.0
T4,2013-06-01,816095.0
T4,2013-07-01,858764.0
T4,2013-08-01,841087.0
T4,2013-09-01,696981.0
T4,2013-10-01,764657.0
T4,2013-11-01,701322.0
T4,2013-12-01,798995.0
T4,2014-01-01,726516.0
T4,2014-02-01,651470.0
T4,2014-03-01,789711.0
T4,2014-04-01,769332.0
T4,2014-05-01,796252.0
T4,2014-06-01,810857.0
T4,2014-07-01,849298.0
T4,2014-08-01,853973.0
T4,2014-09-01,731012.0
T4,2014-10-01,814833.0
T4,2014-11-01,703020.0
T4,2014-12-01,766050.0
T4,2015-01-01,690271.0
T4,2015-02-01,629352.0
T4,2015-03-01,779018.0
T4,2015-04-01,756318.0
T4,2015-05-01,762864.0
T4,2015-06-01,823962.0
T4,2015-07-01,841314.0
T4,2015-08-01,822946.0
T4,2015-09-01,711108.0
T4,2015-10-01,756751.0
T4,2015-11-01,721148.0
T4,2015-12-01,760809.0
T4,2016-01-01,813900.0
T4,2016-02-01,648637.0
T4,2016-03-01,755180.0
T4,2016-04-01,707558.0
T4,2016-05-01,750904.0
T4,2016-06-01,920289.0
T4,2016-07-01,907508.0
T4,2016-08-01,896452.0
T4,2016-09-01,751671.0
T4,2016-10-01,778503.0
T4,2016-11-01,741354.0
T4,2016-12-01,788173.0
T4,2017-01-01,718658.0
T4,2017-02-01,625775.0
T4,2017-03-01,768212.0
T4,2017-04-01,762716.0
T4,2017-05-01,802939.0
T4,2017-06-01,874624.0
T4,2017-07-01,927234.0
T4,2017-08-01,869906.0
T4,2017-09-01,759675.0
T4,2017-10-01,844764.0
T4,2017-11-01,779106.0
T4,2017-12-01,820045.0
T4,2018-01-01,747919.0
T4,2018-02-01,693147.0
T4,2018-03-01,840869.0
T4,2018-04-01,810839.0
T4,2018-05-01,861126.0
T4,2018-06-01,910090.0
T4,2018-07-01,936818.0
T4,2018-08-01,905859.0
T4,2018-09-01,784136.0
T4,2018-10-01,859170.0
T4,2018-11-01,828145.0
T4,2018-12-01,881679.0
T4,2019-01-01,814743.0
T4,2019-02-01,758121.0
T4,2019-03-01,945141.0
T4,2019-04-01,883823.0
T4,2019-05-01,926280.0
T4,2019-06-01,952127.0
T4,2019-07-01,955715.0
T4,2019-08-01,922545.0
T4,2019-09-01,795347.0
T4,2019-10-01,831787.0
T4,2019-11-01,845048.0
T4,2019-12-01,975488.0
T4,2020-01-01,894731.0
T4,2020-02-01,776668.0
T4,2020-03-01,449277.0
T4,2020-04-01,428950.125
T4,2020-05-01,428950.125
T4,2020-06-01,428950.125
T4,2020-07-01,428950.125
T4,2020-08-01,428950.125
T4,2020-09-01,428950.125
T4,2020-10-01,428950.125
T4,2020-11-01,428950.125
T4,2020-12-01,428950.125
T4,2021-01-01,428950.125
T4,2021-02-01,428950.125
T4,2021-03-01,431267.0
T4,2021-04-01,506666.0
T4,2021-05-01,624078.0
T4,2021-06-01,724801.0
T4,2021-07-01,737115.0
T4,2021-08-01,601087.0
T4,2021-09-01,512881.0
T4,2021-10-01,611337.0
T4,2021-11-01,620770.0
T4,2021-12-01,617708.0
T4,2022-01-01,428950.125
T4,2022-02-01,428950.125
T4,2022-03-01,545923.0
T4,2022-04-01,540214.0
T4,2022-05-01,444722.0
T4,2022-06-01,461577.0
T4,2022-07-01,458021.0
T4,2022-08-01,445052.0
T4,2022-09-01,428950.125
T4,2022-10-01,451532.0
T4,2022-11-01,428950.125
T4,2022-12-01,436933.0
T4,2023-01-01,428950.125
T4,2023-02-01,428950.125
T4,2023-03-01,430032.0
T4,2023-04-01,428950.125
T4,2023-05-01,446432.0
T4,2023-06-01,446725.0
T4,2023-07-01,450776.0
T4,2023-08-01,436700.0
T4,2023-09-01,428950.125
T4,2023-10-01,432770.0
T5,2006-01-01,321925.0
T5,2006-02-01,293138.0
T5,2006-03-01,372989.0
T5,2006-04-01,371450.0
T5,2006-05-01,355102.0
T5,2006-06-01,414953.0
T5,2006-07-01,472151.0
T5,2006-08-01,449284.0
T5,2006-09-01,322808.0
T5,2006-10-01,354894.0
T5,2006-11-01,359900.0
T5,2006-12-01,387695.0
T5,2007-01-01,368905.0
T5,2007-02-01,318979.0
T5,2007-03-01,417837.0
T5,2007-04-01,410908.0
T5,2007-05-01,394373.0
T5,2007-06-01,476737.0
T5,2007-07-01,592248.0
T5,2007-08-01,499803.0
T5,2007-09-01,444247.0
T5,2007-10-01,478646.0
T5,2007-11-01,496043.0
T5,2007-12-01,504488.0
T5,2008-01-01,440707.0
T5,2008-02-01,393067.0
T5,2008-03-01,477571.0
T5,2008-04-01,428693.0
T5,2008-05-01,427104.0
T5,2008-06-01,525656.0
T5,2008-07-01,513100.0
T5,2008-08-01,502810.0
T5,2008-09-01,326295.0
T5,2008-10-01,362092.0
T5,2008-11-01,355686.0
T5,2008-12-01,390675.0
T5,2009-01-01,337680.0
T5,2009-02-01,291413.0
T5,2009-03-01,365061.0
T5,2009-04-01,352046.0
T5,2009-05-01,336713.0
T5,2009-06-01,383718.0
T5,2009-07-01,682490.0
T5,2009-08-01,603846.0
T5,2009-09-01,491892.0
T5,2009-10-01,499485.0
T5,2009-11-01,456774.0
T5,2009-12-01,482227.0
T5,2010-01-01,473524.0
T5,2010-02-01,405124.0
T5,2010-03-01,510830.0
T5,2010-04-01,458682.0
T5,2010-05-01,460197.0
T5,2010-06-01,490975.0
T5,2010-07-01,584022.0
T5,2010-08-01,567427.0
T5,2010-09-01,478449.0
T5,2010-10-01,525532.0
T5,2010-11-01,457479.0
T5,2010-12-01,461863.0
T5,2011-01-01,438733.0
T5,2011-02-01,457720.0
T5,2011-03-01,479494.0
T5,2011-04-01,642666.0
T5,2011-05-01,638386.0
T5,2011-06-01,549657.0
T5,2011-07-01,594199.0
T5,2011-08-01,635530.0
T5,2011-09-01,482991.0
T5,2011-10-01,518388.0
T5,2011-11-01,513977.0
T5,2011-12-01,412155.0
T5,2012-01-01,551673.0
T5,2012-02-01,479457.0
T5,2012-03-01,584985.0
T5,2012-04-01,562684.0
T5,2012-05-01,595187.0
T5,2012-06-01,585077.0
T5,2012-07-01,620215.0
T5,2012-08-01,644005.0
T5,2012-09-01,525413.0
T5,2012-10-01,555842.0
T5,2012-11-01,563017.0
T5,2012-12-01,545158.0
T5,2013-01-01,525208.0
T5,2013-02-01,453951.0
T5,2013-03-01,620607.0
T5,2013-04-01,608058.0
T5,2013-05-01,639312.0
T5,2013-06-01,703846.0
T5,2013-07-01,749242.0
T5,2013-08-01,764974.0
T5,2013-09-01,623271.0
T5,2013-10-01,653193.0
T5,2013-11-01,579316.0
T5,2013-12-01,654118.0
T5,2014-01-01,674234.0
T5,2014-02-01,618318.0
T5,2014-03-01,784080.0
T5,2014-04-01,754994.0
T5,2014-05-01,761324.0
T5,2014-06-01,792099.0
T5,2014-07-01,885473.0
T5,2014-08-01,875795.0
T5,2014-09-01,722650.0
T5,2014-10-01,785747.0
T5,2014-11-01,701177.0
T5,2014-12-01,785610.0
T5,2015-01-01,729640.0
T5,2015-02-01,689671.0
T5,2015-03-01,880133.0
T5,2015-04-01,834957.0
T5,2015-05-01,892412.0
T5,2015-06-01,925336.0
T5,2015-07-01,972831.0
T5,2015-08-01,961114.0
T5,2015-09-01,834791.0
T5,2015-10-01,856903.0
T5,2015-11-01,846461.0
T5,2015-12-01,853571.0
T5,2016-01-01,798175.0
T5,2016-02-01,770264.0
T5,2016-03-01,981650.0
T5,2016-04-01,909988.0
T5,2016-05-01,952227.0
T5,2016-06-01,1024902.0
T5,2016-07-01,1084338.0
T5,2016-08-01,971581.0
T5,2016-09-01,870459.0
T5,2016-10-01,915723.0
T5,2016-11-01,880143.0
T5,2016-12-01,957665.0
T5,2017-01-01,888214.0
T5,2017-02-01,772629.0
T5,2017-03-01,955013.0
T5,2017-04-01,955312.0
T5,2017-05-01,897391.0
T5,2017-06-01,907885.0
T5,2017-07-01,936603.0
T5,2017-08-01,916790.0
T5,2017-09-01,735404.0
T5,2017-10-01,785995.0
T5,2017-11-01,722343.0
T5,2017-12-01,756506.0
T5,2018-01-01,712086.0
T5,2018-02-01,654028.0
T5,2018-03-01,787963.0
T5,2018-04-01,765306.0
T5,2018-05-01,828806.0
T5,2018-06-01,903227.0
T5,2018-07-01,959005.0
T5,2018-08-01,902356.0
T5,2018-09-01,756650.0
T5,2018-10-01,773905.0
T5,2018-11-01,768777.0
T5,2018-12-01,790598.0
T5,2019-01-01,732350.0
T5,2019-02-01,636661.0
T5,2019-03-01,768133.0
T5,2019-04-01,724988.0
T5,2019-05-01,830245.0
T5,2019-06-01,908069.0
T5,2019-07-01,1016276.0
T5,2019-08-01,964610.0
T5,2019-09-01,801501.0
T5,2019-10-01,839698.0
T5,2019-11-01,790871.0
T5,2019-12-01,838971.0
T5,2020-01-01,702266.0
T5,2020-02-01,628287.0
T5,2020-03-01,390452.0
T5,2020-04-01,54698.0
T5,2020-05-01,77739.0
T5,2020-06-01,152563.0
T5,2020-07-01,346751.0
T5,2020-08-01,305898.0
T5,2020-09-01,263910.0
T5,2020-10-01,359620.0
T5,2020-11-01,385553.0
T5,2020-12-01,309464.0
T5,2021-01-01,230204.0
T5,2021-02-01,245045.0
T5,2021-03-01,445978.0
T5,2021-04-01,539300.0
T5,2021-05-01,697727.0
T5,2021-06-01,758824.0
T5,2021-07-01,906616.0
T5,2021-08-01,814876.0
T5,2021-09-01,692105.0
T5,2021-10-01,665073.0
T5,2021-11-01,667497.0
T5,2021-12-01,661281.0
T5,2022-01-01,488347.0
T5,2022-02-01,537219.0
T5,2022-03-01,685598.0
T5,2022-04-01,677304.0
T5,2022-05-01,838274.0
T5,2022-06-01,806096.0
T5,2022-07-01,811687.0
T5,2022-08-01,789990.0
T5,2022-09-01,763449.0
T5,2022-10-01,839122.0
T5,2022-11-01,841839.0
T5,2022-12-01,819093.0
T5,2023-01-01,747908.0
T5,2023-02-01,691801.0
T5,2023-03-01,874222.0
T5,2023-04-01,880071.0
T5,2023-05-01,951498.0
T5,2023-06-01,945428.0
T5,2023-07-01,972887.0
T5,2023-08-01,930889.0
T5,2023-09-01,811411.0
T5,2023-10-01,923293.0
T6,2006-01-01,403342.0
T6,2006-02-01,372004.0
T6,2006-03-01,438356.0
T6,2006-04-01,450721.0
T6,2006-05-01,447440.0
T6,2006-06-01,485851.0
T6,2006-07-01,557752.0
T6,2006-08-01,530561.0
T6,2006-09-01,415684.0
T6,2006-10-01,442271.0
T6,2006-11-01,449799.0
T6,2006-12-01,456521.0
T6,2007-01-01,391770.0
T6,2007-02-01,360066.0
T6,2007-03-01,434685.0
T6,2007-04-01,444497.0
T6,2007-05-01,451836.0
T6,2007-06-01,490342.0
T6,2007-07-01,533157.0
T6,2007-08-01,532482.0
T6,2007-09-01,394568.0
T6,2007-10-01,431791.0
T6,2007-11-01,431012.0
T6,2007-12-01,459320.0
T6,2008-01-01,395169.0
T6,2008-02-01,364850.0
T6,2008-03-01,454486.0
T6,2008-04-01,447293.0
T6,2008-05-01,479186.0
T6,2008-06-01,507725.0
T6,2008-07-01,560905.0
T6,2008-08-01,574562.0
T6,2008-09-01,476497.0
T6,2008-10-01,511090.0
T6,2008-11-01,449555.0
T6,2008-12-01,411796.0
T6,2009-01-01,338073.0
T6,2009-02-01,301862.0
T6,2009-03-01,358207.0
T6,2009-04-01,294873.0
T6,2009-05-01,357592.0
T6,2009-06-01,431314.0
T6,2009-07-01,554662.0
T6,2009-08-01,543712.0
T6,2009-09-01,396949.0
T6,2009-10-01,421463.0
T6,2009-11-01,394168.0
T6,2009-12-01,442610.0
T6,2010-01-01,449617.0
T6,2010-02-01,346222.0
T6,2010-03-01,434522.0
T6,2010-04-01,432696.0
T6,2010-05-01,526097.0
T6,2010-06-01,580713.0
T6,2010-07-01,638097.0
T6,2010-08-01,623407.0
T6,2010-09-01,489935.0
T6,2010-10-01,462046.0
T6,2010-11-01,477910.0
T6,2010-12-01,604044.0
T6,2011-01-01,434423.0
T6,2011-02-01,297440.0
T6,2011-03-01,454494.0
T6,2011-04-01,315814.0
T6,2011-05-01,517264.0
T6,2011-06-01,542533.0
T6,2011-07-01,628451.0
T6,2011-08-01,563255.0
T6,2011-09-01,452372.0
T6,2011-10-01,467721.0
T6,2011-11-01,480908.0
T6,2011-12-01,498254.0
T6,2012-01-01,409076.0
T6,2012-02-01,385549.0
T6,2012-03-01,521376.0
T6,2012-04-01,699099.0
T6,2012-05-01,806123.0
T6,2012-06-01,922011.0
T6,2012-07-01,1021546.0
T6,2012-08-01,958601.0
T6,2012-09-01,601634.0
T6,2012-10-01,643881.0
T6,2012-11-01,600027.0
T6,2012-12-01,696487.0
T6,2013-01-01,699412.0
T6,2013-02-01,635886.0
T6,2013-03-01,781640.0
T6,2013-04-01,715010.0
T6,2013-05-01,693630.0
T6,2013-06-01,670146.0
T6,2013-07-01,710708.0
T6,2013-08-01,695752.0
T6,2013-09-01,603725.0
T6,2013-10-01,614963.0
T6,2013-11-01,572515.0
T6,2013-12-01,641365.0
T6,2014-01-01,595891.0
T6,2014-02-01,534933.0
T6,2014-03-01,669562.0
T6,2014-04-01,683972.0
T6,2014-05-01,696491.0
T6,2014-06-01,787401.0
T6,2014-07-01,750762.0
T6,2014-08-01,709152.0
T6,2014-09-01,608074.0
T6,2014-10-01,597751.0
T6,2014-11-01,577137.0
T6,2014-12-01,673448.0
T6,2015-01-01,590120.0
T6,2015-02-01,547636.0
T6,2015-03-01,696120.0
T6,2015-04-01,597985.0
T6,2015-05-01,627611.0
T6,2015-06-01,697262.0
T6,2015-07-01,785942.0
T6,2015-08-01,775916.0
T6,2015-09-01,622348.0
T6,2015-10-01,705232.0
T6,2015-11-01,684689.0
T6,2015-12-01,709443.0
T6,2016-01-01,642937.0
T6,2016-02-01,605164.0
T6,2016-03-01,700143.0
T6,2016-04-01,677667.0
T6,2016-05-01,702451.0
T6,2016-06-01,775701.0
T6,2016-07-01,795579.0
T6,2016-08-01,783063.0
T6,2016-09-01,634522.0
T6,2016-10-01,691426.0
T6,2016-11-01,642399.0
T6,2016-12-01,685530.0
T6,2017-01-01,617812.0
T6,2017-02-01,611680.0
T6,2017-03-01,753298.0
T6,2017-04-01,696205.0
T6,2017-05-01,715901.0
T6,2017-06-01,745141.0
T6,2017-07-01,802616.0
T6,2017-08-01,807938.0
T6,2017-09-01,691117.0
T6,2017-10-01,707681.0
T6,2017-11-01,666890.0
T6,2017-12-01,697640.0
T6,2018-01-01,639941.0
T6,2018-02-01,605127.0
T6,2018-03-01,695522.0
T6,2018-04-01,678950.0
T6,2018-05-01,718802.0
T6,2018-06-01,781935.0
T6,2018-07-01,807091.0
T6,2018-08-01,784260.0
T6,2018-09-01,652176.0
T6,2018-10-01,683176.0
T6,2018-11-01,635216.0
T6,2018-12-01,636631.0
T6,2019-01-01,594126.0
T6,2019-02-01,553087.0
T6,2019-03-01,641798.0
T6,2019-04-01,645619.0
T6,2019-05-01,651506.0
T6,2019-06-01,723660.0
T6,2019-07-01,781422.0
T6,2019-08-01,768861.0
T6,2019-09-01,644636.0
T6,2019-10-01,645723.0
T6,2019-11-01,620599.0
T6,2019-12-01,670066.0
T6,2020-01-01,607442.0
T6,2020-02-01,570085.0
T6,2020-03-01,291811.0
T6,2020-04-01,81209.375
T6,2020-05-01,81209.375
T6,2020-06-01,92482.0
T6,2020-07-01,116450.0
T6,2020-08-01,123389.0
T6,2020-09-01,131412.0
T6,2020-10-01,152224.0
T6,2020-11-01,139701.0
T6,2020-12-01,159857.0
T6,2021-01-01,151997.0
T6,2021-02-01,152446.0
T6,2021-03-01,265777.0
T6,2021-04-01,317935.0
T6,2021-05-01,333567.0
T6,2021-06-01,389901.0
T6,2021-07-01,437292.0
T6,2021-08-01,427464.0
T6,2021-09-01,372901.0
T6,2021-10-01,395310.0
T6,2021-11-01,407043.0
T6,2021-12-01,438351.0
T6,2022-01-01,300329.0
T6,2022-02-01,314991.0
T6,2022-03-01,421070.0
T6,2022-04-01,424858.0
T6,2022-05-01,447342.0
T6,2022-06-01,485561.0
T6,2022-07-01,516239.0
T6,2022-08-01,504676.0
T6,2022-09-01,438465.0
T6,2022-10-01,435084.0
T6,2022-11-01,426059.0
T6,2022-12-01,443432.0
T6,2023-01-01,415292.0
T6,2023-02-01,390383.0
T6,2023-03-01,458201.0
T6,2023-04-01,463063.0
T6,2023-05-01,511131.0
T6,2023-06-01,539838.0
T6,2023-07-01,579486.0
T6,2023-08-01,557141.0
T6,2023-09-01,469720.0
T6,2023-10-01,486664.0
T7,2006-01-01,552248.0
T7,2006-02-01,517324.0
T7,2006-03-01,632425.0
T7,2006-04-01,613500.0
T7,2006-05-01,626355.0
T7,2006-06-01,682955.0
T7,2006-07-01,696785.0
T7,2006-08-01,677899.0
T7,2006-09-01,553013.0
T7,2006-10-01,584924.0
T7,2006-11-01,559857.0
T7,2006-12-01,589599.0
T7,2007-01-01,562076.0
T7,2007-02-01,517911.0
T7,2007-03-01,638664.0
T7,2007-04-01,607705.0
T7,2007-05-01,607530.0
T7,2007-06-01,606654.0
T7,2007-07-01,609150.0
T7,2007-08-01,635902.0
T7,2007-09-01,491575.0
T7,2007-10-01,550683.0
T7,2007-11-01,563176.0
T7,2007-12-01,567712.0
T7,2008-01-01,499767.0
T7,2008-02-01,470558.0
T7,2008-03-01,556843.0
T7,2008-04-01,543393.0
T7,2008-05-01,562683.0
T7,2008-06-01,617526.0
T7,2008-07-01,636000.0
T7,2008-08-01,619395.0
T7,2008-09-01,483196.0
T7,2008-10-01,519900.0
T7,2008-11-01,448730.0
T7,2008-12-01,497788.0
T7,2009-01-01,444033.0
T7,2009-02-01,415711.0
T7,2009-03-01,517820.0
T7,2009-04-01,617279.0
T7,2009-05-01,619366.0
T7,2009-06-01,670315.0
T7,2009-07-01,720870.0
T7,2009-08-01,712646.0
T7,2009-09-01,531184.0
T7,2009-10-01,528685.0
T7,2009-11-01,483237.0
T7,2009-12-01,509777.0
T7,2010-01-01,491440.0
T7,2010-02-01,438678.0
T7,2010-03-01,528026.0
T7,2010-04-01,518541.0
T7,2010-05-01,533700.0
T7,2010-06-01,585762.0
T7,2010-07-01,599688.0
T7,2010-08-01,615462.0
T7,2010-09-01,521871.0
T7,2010-10-01,556010.0
T7,2010-11-01,512096.0
T7,2010-12-01,515786.0
T7,2011-01-01,484584.0
T7,2011-02-01,436730.0
T7,2011-03-01,518548.0
T7,2011-04-01,500460.0
T7,2011-05-01,520201.0
T7,2011-06-01,566030.0
T7,2011-07-01,592275.0
T7,2011-08-01,574136.0
T7,2011-09-01,477671.0
T7,2011-10-01,490342.0
T7,2011-11-01,459751.0
T7,2011-12-01,489758.0
T7,2012-01-01,452976.0
T7,2012-02-01,440224.0
T7,2012-03-01,501948.0
T7,2012-04-01,464154.0
T7,2012-05-01,406489.0
T7,2012-06-01,404625.0
T7,2012-07-01,417474.0
T7,2012-08-01,417434.0
T7,2012-09-01,493647.0
T7,2012-10-01,508485.0
T7,2012-11-01,501468.0
T7,2012-12-01,595646.0
T7,2013-01-01,537876.0
T7,2013-02-01,481494.0
T7,2013-03-01,660314.0
T7,2013-04-01,562873.0
T7,2013-05-01,631478.0
T7,2013-06-01,708709.0
T7,2013-07-01,777322.0
T7,2013-08-01,721948.0
T7,2013-09-01,564245.0
T7,2013-10-01,607177.0
T7,2013-11-01,573307.0
T7,2013-12-01,658781.0
T7,2014-01-01,591999.0
T7,2014-02-01,530144.0
T7,2014-03-01,659370.0
T7,2014-04-01,634729.0
T7,2014-05-01,681774.0
T7,2014-06-01,722468.0
T7,2014-07-01,774213.0
T7,2014-08-01,740045.0
T7,2014-09-01,573392.0
T7,2014-10-01,623227.0
T7,2014-11-01,693780.0
T7,2014-12-01,764489.0
T7,2015-01-01,705289.0
T7,2015-02-01,609465.0
T7,2015-03-01,691504.0
T7,2015-04-01,655552.0
T7,2015-05-01,660324.0
T7,2015-06-01,723146.0
T7,2015-07-01,783728.0
T7,2015-08-01,740279.0
T7,2015-09-01,608993.0
T7,2015-10-01,652258.0
T7,2015-11-01,593899.0
T7,2015-12-01,663431.0
T7,2016-01-01,583831.0
T7,2016-02-01,541250.0
T7,2016-03-01,629016.0
T7,2016-04-01,602333.0
T7,2016-05-01,673115.0
T7,2016-06-01,706223.0
T7,2016-07-01,767872.0
T7,2016-08-01,722321.0
T7,2016-09-01,663774.0
T7,2016-10-01,730185.0
T7,2016-11-01,714714.0
T7,2016-12-01,757312.0
T7,2017-01-01,638223.0
T7,2017-02-01,532194.0
T7,2017-03-01,664483.0
T7,2017-04-01,688508.0
T7,2017-05-01,691803.0
T7,2017-06-01,737216.0
T7,2017-07-01,826125.0
T7,2017-08-01,777902.0
T7,2017-09-01,665077.0
T7,2017-10-01,746706.0
T7,2017-11-01,738552.0
T7,2017-12-01,823689.0
T7,2018-01-01,747623.0
T7,2018-02-01,678581.0
T7,2018-03-01,836867.0
T7,2018-04-01,775768.0
T7,2018-05-01,803897.0
T7,2018-06-01,861981.0
T7,2018-07-01,931011.0
T7,2018-08-01,867274.0
T7,2018-09-01,695447.0
T7,2018-10-01,755016.0
T7,2018-11-01,770387.0
T7,2018-12-01,804633.0
T7,2019-01-01,711824.0
T7,2019-02-01,639603.0
T7,2019-03-01,829045.0
T7,2019-04-01,771369.0
T7,2019-05-01,797301.0
T7,2019-06-01,873419.0
T7,2019-07-01,910493.0
T7,2019-08-01,866564.0
T7,2019-09-01,730899.0
T7,2019-10-01,760954.0
T7,2019-11-01,734585.0
T7,2019-12-01,806319.0
T7,2020-01-01,691235.0
T7,2020-02-01,607244.0
T7,2020-03-01,373715.0
T7,2020-04-01,252625.875
T7,2020-05-01,252625.875
T7,2020-06-01,252625.875
T7,2020-07-01,252625.875
T7,2020-08-01,252625.875
T7,2020-09-01,260232.0
T7,2020-10-01,313562.0
T7,2020-11-01,312797.0
T7,2020-12-01,294736.0
T7,2021-01-01,252625.875
T7,2021-02-01,252625.875
T7,2021-03-01,324605.0
T7,2021-04-01,355683.0
T7,2021-05-01,414439.0
T7,2021-06-01,534228.0
T7,2021-07-01,650162.0
T7,2021-08-01,644236.0
T7,2021-09-01,509797.0
T7,2021-10-01,600269.0
T7,2021-11-01,574935.0
T7,2021-12-01,644823.0
T7,2022-01-01,487301.0
T7,2022-02-01,514815.0
T7,2022-03-01,669835.0
T7,2022-04-01,673099.0
T7,2022-05-01,677028.0
T7,2022-06-01,742636.0
T7,2022-07-01,814383.0
T7,2022-08-01,720252.0
T7,2022-09-01,657756.0
T7,2022-10-01,703883.0
T7,2022-11-01,648673.0
T7,2022-12-01,668236.0
T7,2023-01-01,660930.0
T7,2023-02-01,576243.0
T7,2023-03-01,646459.0
T7,2023-04-01,615721.0
T7,2023-05-01,684002.0
T7,2023-06-01,710849.0
T7,2023-07-01,749945.0
T7,2023-08-01,690281.0
T7,2023-09-01,634857.0
T7,2023-10-01,676585.0
T8,2006-01-01,201659.0
T8,2006-02-01,202398.0
T8,2006-03-01,245512.0
T8,2006-04-01,220169.0
T8,2006-05-01,231590.0
T8,2006-06-01,234293.0
T8,2006-07-01,234773.0
T8,2006-08-01,225643.0
T8,2006-09-01,225382.0
T8,2006-10-01,246295.0
T8,2006-11-01,229504.0
T8,2006-12-01,229184.0
T8,2007-01-01,236748.0
T8,2007-02-01,226301.0
T8,2007-03-01,256076.0
T8,2007-04-01,251458.0
T8,2007-05-01,247612.0
T8,2007-06-01,239910.0
T8,2007-07-01,226009.0
T8,2007-08-01,225804.0
T8,2007-09-01,209029.0
T8,2007-10-01,236343.0
T8,2007-11-01,223418.0
T8,2007-12-01,218286.0
T8,2008-01-01,217676.0
T8,2008-02-01,219310.0
T8,2008-03-01,237554.0
T8,2008-04-01,221800.0
T8,2008-05-01,230054.0
T8,2008-06-01,232458.0
T8,2008-07-01,229308.0
T8,2008-08-01,225166.0
T8,2008-09-01,205495.0
T8,2008-10-01,218674.0
T8,2008-11-01,190473.0
T8,2008-12-01,201910.0
T8,2009-01-01,191222.0
T8,2009-02-01,174190.0
T8,2009-03-01,219339.0
T8,2009-04-01,209789.0
T8,2009-05-01,213363.0
T8,2009-06-01,232350.0
T8,2009-07-01,240248.0
T8,2009-08-01,236560.0
T8,2009-09-01,217861.0
T8,2009-10-01,286345.0
T8,2009-11-01,268943.0
T8,2009-12-01,297425.0
T8,2010-01-01,273983.0
T8,2010-02-01,267939.0
T8,2010-03-01,326212.0
T8,2010-04-01,309793.0
T8,2010-05-01,313226.0
T8,2010-06-01,344953.0
T8,2010-07-01,362486.0
T8,2010-08-01,351917.0
T8,2010-09-01,287566.0
T8,2010-10-01,311860.0
T8,2010-11-01,284979.0
T8,2010-12-01,305797.0
T8,2011-01-01,278842.0
T8,2011-02-01,257988.0
T8,2011-03-01,321947.0
T8,2011-04-01,307735.0
T8,2011-05-01,323569.0
T8,2011-06-01,360267.0
T8,2011-07-01,398910.0
T8,2011-08-01,377347.0
T8,2011-09-01,293027.0
T8,2011-10-01,297899.0
T8,2011-11-01,263282.0
T8,2011-12-01,323926.0
T8,2012-01-01,282666.0
T8,2012-02-01,245937.0
T8,2012-03-01,311539.0
T8,2012-04-01,291139.0
T8,2012-05-01,289214.0
T8,2012-06-01,327292.0
T8,2012-07-01,357762.0
T8,2012-08-01,332948.0
T8,2012-09-01,249376.0
T8,2012-10-01,259365.0
T8,2012-11-01,242027.0
T8,2012-12-01,268170.0
T8,2013-01-01,263018.0
T8,2013-02-01,244436.0
T8,2013-03-01,221656.0
T8,2013-04-01,209875.0
T8,2013-05-01,249024.0
T8,2013-06-01,270871.0
T8,2013-07-01,282302.0
T8,2013-08-01,280098.0
T8,2013-09-01,227391.0
T8,2013-10-01,236127.0
T8,2013-11-01,227667.0
T8,2013-12-01,268942.0
T8,2014-01-01,226268.0
T8,2014-02-01,214648.0
T8,2014-03-01,236953.0
T8,2014-04-01,238768.0
T8,2014-05-01,253912.0
T8,2014-06-01,263449.0
T8,2014-07-01,266943.0
T8,2014-08-01,262125.0
T8,2014-09-01,212746.0
T8,2014-10-01,234598.0
T8,2014-11-01,288427.0
T8,2014-12-01,318290.0
T8,2015-01-01,261945.0
T8,2015-02-01,262429.0
T8,2015-03-01,351438.0
T8,2015-04-01,344611.0
T8,2015-05-01,403080.0
T8,2015-06-01,435585.0
T8,2015-07-01,439378.75
T8,2015-08-01,439378.75
T8,2015-09-01,377218.0
T8,2015-10-01,406462.0
T8,2015-11-01,358180.0
T8,2015-12-01,377594.0
T8,2016-01-01,323725.0
T8,2016-02-01,298705.0
T8,2016-03-01,354796.0
T8,2016-04-01,337047.0
T8,2016-05-01,369621.0
T8,2016-06-01,416820.0
T8,2016-07-01,416229.0
T8,2016-08-01,408496.0
T8,2016-09-01,317890.0
T8,2016-10-01,323342.0
T8,2016-11-01,299669.0
T8,2016-12-01,311025.0
T8,2017-01-01,288610.0
T8,2017-02-01,265192.0
T8,2017-03-01,325782.0
T8,2017-04-01,320160.0
T8,2017-05-01,341454.0
T8,2017-06-01,377341.0
T8,2017-07-01,357228.0
T8,2017-08-01,343506.0
T8,2017-09-01,271170.0
T8,2017-10-01,288635.0
T8,2017-11-01,280529.0
T8,2017-12-01,239991.0
T8,2018-01-01,199735.0
T8,2018-02-01,185530.0
T8,2018-03-01,222254.0
T8,2018-04-01,311334.0
T8,2018-05-01,344810.0
T8,2018-06-01,388436.0
T8,2018-07-01,402566.0
T8,2018-08-01,374684.0
T8,2018-09-01,299487.0
T8,2018-10-01,311262.0
T8,2018-11-01,286768.0
T8,2018-12-01,288228.0
T8,2019-01-01,251140.0
T8,2019-02-01,224464.0
T8,2019-03-01,294221.0
T8,2019-04-01,306258.0
T8,2019-05-01,297571.0
T8,2019-06-01,321249.0
T8,2019-07-01,351096.0
T8,2019-08-01,320961.0
T8,2019-09-01,267078.0
T8,2019-10-01,290166.0
T8,2019-11-01,267205.0
T8,2019-12-01,323114.0
T8,2020-01-01,241270.0
T8,2020-02-01,214934.0
T8,2020-03-01,119026.0
T8,2020-04-01,92444.75
T8,2020-05-01,92444.75
T8,2020-06-01,92444.75
T8,2020-07-01,92444.75
T8,2020-08-01,92444.75
T8,2020-09-01,92444.75
T8,2020-10-01,92444.75
T8,2020-11-01,92444.75
T8,2020-12-01,92444.75
T8,2021-01-01,92444.75
T8,2021-02-01,92444.75
T8,2021-03-01,100133.0
T8,2021-04-01,106912.0
T8,2021-05-01,122923.0
T8,2021-06-01,162722.0
T8,2021-07-01,192561.0
T8,2021-08-01,173529.0
T8,2021-09-01,174523.0
T8,2021-10-01,215898.0
T8,2021-11-01,205780.0
T8,2021-12-01,204875.0
T8,2022-01-01,169636.0
T8,2022-02-01,167816.0
T8,2022-03-01,211724.0
T8,2022-04-01,223782.0
T8,2022-05-01,245583.0
T8,2022-06-01,270063.0
T8,2022-07-01,270910.0
T8,2022-08-01,251289.0
T8,2022-09-01,233312.0
T8,2022-10-01,232165.0
T8,2022-11-01,233010.0
T8,2022-12-01,243460.0
T8,2023-01-01,190259.0
T8,2023-02-01,175782.0
T8,2023-03-01,293449.0
T8,2023-04-01,221019.0
T8,2023-05-01,224357.0
T8,2023-06-01,264484.0
T8,2023-07-01,305715.0
T8,2023-08-01,291610.0
T8,2023-09-01,251257.0
T8,2023-10-01,260148.0
TBIT,2006-01-01,774680.0
TBIT,2006-02-01,627417.0
TBIT,2006-03-01,729157.0
TBIT,2006-04-01,753692.0
TBIT,2006-05-01,793194.0
TBIT,2006-06-01,836075.0
TBIT,2006-07-01,912846.0
TBIT,2006-08-01,875999.0
TBIT,2006-09-01,709762.0
TBIT,2006-10-01,692199.0
TBIT,2006-11-01,637765.0
TBIT,2006-12-01,708831.0
TBIT,2007-01-01,720737.0
TBIT,2007-02-01,586413.0
TBIT,2007-03-01,734410.0
TBIT,2007-04-01,760454.0
TBIT,2007-05-01,785159.0
TBIT,2007-06-01,829249.0
TBIT,2007-07-01,930168.0
TBIT,2007-08-01,902025.0
TBIT,2007-09-01,746402.0
TBIT,2007-10-01,751405.0
TBIT,2007-11-01,689659.0
TBIT,2007-12-01,756820.0
TBIT,2008-01-01,782688.0
TBIT,2008-02-01,644982.0
TBIT,2008-03-01,785763.0
TBIT,2008-04-01,736443.0
TBIT,2008-05-01,794610.0
TBIT,2008-06-01,817958.0
TBIT,2008-07-01,874190.0
TBIT,2008-08-01,865089.0
TBIT,2008-09-01,708009.0
TBIT,2008-10-01,736840.0
TBIT,2008-11-01,651336.0
TBIT,2008-12-01,738633.0
TBIT,2009-01-01,742211.0
TBIT,2009-02-01,593428.0
TBIT,2009-03-01,686553.0
TBIT,2009-04-01,718854.0
TBIT,2009-05-01,677403.0
TBIT,2009-06-01,745907.0
TBIT,2009-07-01,856784.0
TBIT,2009-08-01,863810.0
TBIT,2009-09-01,722487.0
TBIT,2009-10-01,748722.0
TBIT,2009-11-01,679893.0
TBIT,2009-12-01,763880.0
TBIT,2010-01-01,764279.0
TBIT,2010-02-01,626326.0
TBIT,2010-03-01,724743.0
TBIT,2010-04-01,712141.0
TBIT,2010-05-01,780257.0
TBIT,2010-06-01,814344.0
TBIT,2010-07-01,868409.0
TBIT,2010-08-01,823132.0
TBIT,2010-09-01,657009.0
TBIT,2010-10-01,680330.0
TBIT,2010-11-01,614750.0
TBIT,2010-12-01,668386.0
TBIT,2011-01-01,709257.0
TBIT,2011-02-01,570424.0
TBIT,2011-03-01,670461.0
TBIT,2011-04-01,703085.0
TBIT,2011-05-01,754315.0
TBIT,2011-06-01,782694.0
TBIT,2011-07-01,852263.0
TBIT,2011-08-01,844876.0
TBIT,2011-09-01,711686.0
TBIT,2011-10-01,713505.0
TBIT,2011-11-01,624373.0
TBIT,2011-12-01,692685.0
TBIT,2012-01-01,724605.0
TBIT,2012-02-01,595529.0
TBIT,2012-03-01,668713.0
TBIT,2012-04-01,670288.0
TBIT,2012-05-01,743161.0
TBIT,2012-06-01,841640.0
TBIT,2012-07-01,857245.0
TBIT,2012-08-01,834929.0
TBIT,2012-09-01,736758.0
TBIT,2012-10-01,719650.0
TBIT,2012-11-01,643852.0
TBIT,2012-12-01,696334.0
TBIT,2013-01-01,707699.0
TBIT,2013-02-01,578078.0
TBIT,2013-03-01,709779.0
TBIT,2013-04-01,716788.0
TBIT,2013-05-01,775303.0
TBIT,2013-06-01,851326.0
TBIT,2013-07-01,877057.0
TBIT,2013-08-01,889717.0
TBIT,2013-09-01,786409.0
TBIT,2013-10-01,768742.0
TBIT,2013-11-01,682149.0
TBIT,2013-12-01,771800.0
TBIT,2014-01-01,796444.0
TBIT,2014-02-01,646250.0
TBIT,2014-03-01,748976.0
TBIT,2014-04-01,830343.0
TBIT,2014-05-01,918670.0
TBIT,2014-06-01,1007002.0
TBIT,2014-07-01,1057980.0
TBIT,2014-08-01,1068218.0
TBIT,2014-09-01,916354.0
TBIT,2014-10-01,910459.0
TBIT,2014-11-01,785226.0
TBIT,2014-12-01,899644.0
TBIT,2015-01-01,924047.0
TBIT,2015-02-01,783041.0
TBIT,2015-03-01,916092.0
TBIT,2015-04-01,938272.0
TBIT,2015-05-01,1034760.0
TBIT,2015-06-01,1106498.0
TBIT,2015-07-01,1250018.0
TBIT,2015-08-01,1264180.0
TBIT,2015-09-01,1115100.0
TBIT,2015-10-01,1097616.0
TBIT,2015-11-01,943064.0
TBIT,2015-12-01,1028289.0
TBIT,2016-01-01,1062994.0
TBIT,2016-02-01,886457.0
TBIT,2016-03-01,1016724.0
TBIT,2016-04-01,1056428.0
TBIT,2016-05-01,1136907.0
TBIT,2016-06-01,1275929.0
TBIT,2016-07-01,1390566.0
TBIT,2016-08-01,1381036.0
TBIT,2016-09-01,1218684.0
TBIT,2016-10-01,1198953.0
TBIT,2016-11-01,1051283.0
TBIT,2016-12-01,1142981.0
TBIT,2017-01-01,1184378.0
TBIT,2017-02-01,924827.0
TBIT,2017-03-01,1060834.0
TBIT,2017-04-01,1169212.0
TBIT,2017-05-01,1357189.0
TBIT,2017-06-01,1557537.0
TBIT,2017-07-01,1669404.5
TBIT,2017-08-01,1661321.0
TBIT,2017-09-01,1436879.0
TBIT,2017-10-01,1403307.0
TBIT,2017-11-01,1303914.0
TBIT,2017-12-01,1436444.0
TBIT,2018-01-01,1460840.0
TBIT,2018-02-01,1218969.0
TBIT,2018-03-01,1426127.0
TBIT,2018-04-01,1436709.0
TBIT,2018-05-01,1524485.0
TBIT,2018-06-01,1622010.0
TBIT,2018-07-01,1669404.5
TBIT,2018-08-01,1669404.5
TBIT,2018-09-01,1417878.0
TBIT,2018-10-01,1461613.0
TBIT,2018-11-01,1357464.0
TBIT,2018-12-01,1438957.0
TBIT,2019-01-01,1452470.0
TBIT,2019-02-01,1196100.0
TBIT,2019-03-01,1374765.0
TBIT,2019-04-01,1447710.0
TBIT,2019-05-01,1545126.0
TBIT,2019-06-01,1620517.0
TBIT,2019-07-01,1669404.5
TBIT,2019-08-01,1664800.0
TBIT,2019-09-01,1474916.0
TBIT,2019-10-01,1461063.0
TBIT,2019-11-01,1319202.0
TBIT,2019-12-01,1448421.0
TBIT,2020-01-01,1426276.0
TBIT,2020-02-01,1057499.0
TBIT,2020-03-01,600283.0
TBIT,2020-04-01,131500.5
TBIT,2020-05-01,131500.5
TBIT,2020-06-01,131500.5
TBIT,2020-07-01,136073.0
TBIT,2020-08-01,158019.0
TBIT,2020-09-01,185154.0
TBIT,2020-10-01,224044.0
TBIT,2020-11-01,233892.0
TBIT,2020-12-01,283225.0
TBIT,2021-01-01,271746.0
TBIT,2021-02-01,195273.0
TBIT,2021-03-01,264273.0
TBIT,2021-04-01,312092.0
TBIT,2021-05-01,438896.0
TBIT,2021-06-01,500677.0
TBIT,2021-07-01,619604.0
TBIT,2021-08-01,633390.0
TBIT,2021-09-01,501101.0
TBIT,2021-10-01,521216.0
TBIT,2021-11-01,591763.0
TBIT,2021-12-01,741782.0
TBIT,2022-01-01,634332.0
TBIT,2022-02-01,567287.0
TBIT,2022-03-01,756400.0
TBIT,2022-04-01,844111.0
TBIT,2022-05-01,954150.0
TBIT,2022-06-01,1045155.0
TBIT,2022-07-01,1139690.0
TBIT,2022-08-01,1077914.0
TBIT,2022-09-01,957728.0
TBIT,2022-10-01,938349.0
TBIT,2022-11-01,908743.0
TBIT,2022-12-01,1005288.0
TBIT,2023-01-01,1012373.0
TBIT,2023-02-01,871135.0
TBIT,2023-03-01,1059943.0
TBIT,2023-04-01,1065661.0
TBIT,2023-05-01,1114151.0
TBIT,2023-06-01,1202879.0
TBIT,2023-07-01,1312785.0
TBIT,2023-08-01,1249621.0
TBIT,2023-09-01,1154296.0
TBIT,2023-10-01,1162855.0
