store_nbr,date,unit_sales
1,1/31/2013,626.0
1,2/28/2013,549.0
1,3/31/2013,644.0
1,4/30/2013,611.0
1,5/31/2013,553.0
1,6/30/2013,582.0
1,7/31/2013,597.0
1,8/31/2013,581.0
1,9/30/2013,640.0
1,10/31/2013,653.0
1,11/30/2013,663.0
1,12/31/2013,610.0
1,1/31/2014,577.0
1,2/28/2014,565.0
1,3/31/2014,615.0
1,4/30/2014,546.0
1,5/31/2014,618.0
1,6/30/2014,553.0
1,7/31/2014,595.0
1,8/31/2014,555.0
1,9/30/2014,615.0
1,10/31/2014,692.0
1,11/30/2014,594.0
1,12/31/2014,705.0
1,1/31/2015,691.0
1,2/28/2015,515.0
1,3/31/2015,586.0
1,4/30/2015,636.0
1,5/31/2015,576.0
1,6/30/2015,584.0
1,7/31/2015,616.0
1,8/31/2015,588.0
1,9/30/2015,703.0
1,10/31/2015,651.0
1,11/30/2015,629.0
1,12/31/2015,672.0
1,1/31/2016,619.0
1,2/29/2016,532.0
1,3/31/2016,596.0
1,4/30/2016,544.0
1,5/31/2016,547.0
1,6/30/2016,607.0
1,7/31/2016,569.0
1,8/31/2016,509.0
1,9/30/2016,565.0
1,10/31/2016,605.0
1,11/30/2016,545.0
1,12/31/2016,601.0
1,1/31/2017,607.0
1,2/28/2017,490.0
1,3/31/2017,601.0
1,4/30/2017,506.0
1,5/31/2017,524.0
1,6/30/2017,605.0
1,7/31/2017,643.0
1,8/31/2017,314.0
2,1/31/2013,1276.0
2,2/28/2013,1071.0
2,3/31/2013,1181.0
2,4/30/2013,1224.0
2,5/31/2013,1312.0
2,6/30/2013,1281.0
2,7/31/2013,1169.0
2,8/31/2013,1252.0
2,9/30/2013,1339.0
2,10/31/2013,1310.0
2,11/30/2013,1314.0
2,12/31/2013,1382.0
2,1/31/2014,1399.0
2,2/28/2014,1159.0
2,3/31/2014,1367.0
2,4/30/2014,1372.0
2,5/31/2014,1300.0
2,6/30/2014,1275.0
2,7/31/2014,1134.0
2,8/31/2014,1247.0
2,9/30/2014,1343.0
2,10/31/2014,1342.0
2,11/30/2014,1268.0
2,12/31/2014,1285.0
2,1/31/2015,1385.0
2,2/28/2015,1095.0
2,3/31/2015,1286.0
2,4/30/2015,1169.0
2,5/31/2015,1147.0
2,6/30/2015,1029.0
2,7/31/2015,1080.0
2,8/31/2015,1026.0
2,9/30/2015,1088.0
2,10/31/2015,1115.0
2,11/30/2015,1039.0
2,12/31/2015,1086.0
2,1/31/2016,1053.0
2,2/29/2016,873.0
2,3/31/2016,905.0
2,4/30/2016,999.0
2,5/31/2016,1009.0
2,6/30/2016,943.0
2,7/31/2016,856.0
2,8/31/2016,838.0
2,9/30/2016,848.0
2,10/31/2016,973.0
2,11/30/2016,874.0
2,12/31/2016,879.0
2,1/31/2017,959.0
2,2/28/2017,860.0
2,3/31/2017,1013.0
2,4/30/2017,971.0
2,5/31/2017,826.0
2,6/30/2017,876.0
2,7/31/2017,880.0
2,8/31/2017,430.0
3,1/31/2013,2834.0
3,2/28/2013,2231.0
3,3/31/2013,2807.0
3,4/30/2013,2641.0
3,5/31/2013,2648.0
3,6/30/2013,2754.0
3,7/31/2013,2524.0
3,8/31/2013,2605.0
3,9/30/2013,2723.0
3,10/31/2013,2666.0
3,11/30/2013,2493.0
3,12/31/2013,2573.0
3,1/31/2014,2568.0
3,2/28/2014,2193.0
3,3/31/2014,2705.0
3,4/30/2014,2343.0
3,5/31/2014,2440.0
3,6/30/2014,2260.0
3,7/31/2014,2293.0
3,8/31/2014,2312.0
3,9/30/2014,2498.0
3,10/31/2014,2510.0
3,11/30/2014,2291.0
3,12/31/2014,2420.0
3,1/31/2015,2375.0
3,2/28/2015,2115.0
3,3/31/2015,2365.0
3,4/30/2015,2272.0
3,5/31/2015,2291.0
3,6/30/2015,2186.0
3,7/31/2015,2377.0
3,8/31/2015,2405.0
3,9/30/2015,2260.0
3,10/31/2015,2459.0
3,11/30/2015,2302.0
3,12/31/2015,2278.0
3,1/31/2016,2186.0
3,2/29/2016,1869.0
3,3/31/2016,2056.0
3,4/30/2016,2068.0
3,5/31/2016,2063.0
3,6/30/2016,1954.0
3,7/31/2016,1906.0
3,8/31/2016,1795.0
3,9/30/2016,2005.0
3,10/31/2016,1999.0
3,11/30/2016,1923.0
3,12/31/2016,2149.0
3,1/31/2017,2091.0
3,2/28/2017,1787.0
3,3/31/2017,2156.0
3,4/30/2017,2135.0
3,5/31/2017,1975.0
3,6/30/2017,1839.0
3,7/31/2017,2192.0
3,8/31/2017,971.0
4,1/31/2013,1162.0
4,2/28/2013,931.0
4,3/31/2013,1109.0
4,4/30/2013,1114.0
4,5/31/2013,1147.0
4,6/30/2013,1137.0
4,7/31/2013,1135.0
4,8/31/2013,980.0
4,9/30/2013,1104.0
4,10/31/2013,1083.0
4,11/30/2013,1021.0
4,12/31/2013,892.0
4,1/31/2014,1158.0
4,2/28/2014,905.0
4,3/31/2014,1120.0
4,4/30/2014,1006.0
4,5/31/2014,1050.0
4,6/30/2014,1076.0
4,7/31/2014,1017.0
4,8/31/2014,1074.0
4,9/30/2014,1185.0
4,10/31/2014,1171.0
4,11/30/2014,897.0
4,12/31/2014,990.0
4,1/31/2015,1018.0
4,2/28/2015,867.0
4,3/31/2015,1003.0
4,4/30/2015,983.0
4,5/31/2015,978.0
4,6/30/2015,920.0
4,7/31/2015,925.0
4,8/31/2015,851.0
4,9/30/2015,945.0
4,10/31/2015,974.0
4,11/30/2015,881.0
4,12/31/2015,845.0
4,1/31/2016,934.0
4,2/29/2016,847.0
4,3/31/2016,812.0
4,4/30/2016,980.0
4,5/31/2016,919.0
4,6/30/2016,838.0
4,7/31/2016,818.0
4,8/31/2016,636.0
4,9/30/2016,702.0
4,10/31/2016,795.0
4,11/30/2016,677.0
4,12/31/2016,731.0
4,1/31/2017,772.0
4,2/28/2017,671.0
4,3/31/2017,781.0
4,4/30/2017,778.0
4,5/31/2017,733.0
4,6/30/2017,736.0
4,7/31/2017,705.0
4,8/31/2017,277.0
5,1/31/2013,1898.0
5,2/28/2013,1363.0
5,3/31/2013,1435.0
5,4/30/2013,1350.0
5,5/31/2013,1783.0
5,6/30/2013,1666.0
5,7/31/2013,1535.0
5,8/31/2013,1344.0
5,9/30/2013,1310.0
5,10/31/2013,1193.0
5,11/30/2013,1189.0
5,12/31/2013,1535.0
5,1/31/2014,1530.0
5,2/28/2014,1238.0
5,3/31/2014,1343.0
5,4/30/2014,1230.0
5,5/31/2014,1631.0
5,6/30/2014,1527.0
5,7/31/2014,1506.0
5,8/31/2014,1589.0
5,9/30/2014,1307.0
5,10/31/2014,1351.0
5,11/30/2014,1291.0
5,12/31/2014,1579.0
5,1/31/2015,1419.0
5,2/28/2015,1172.0
5,3/31/2015,1340.0
5,4/30/2015,1309.0
5,5/31/2015,1525.0
5,6/30/2015,1309.0
5,7/31/2015,1427.0
5,8/31/2015,1430.0
5,9/30/2015,1030.0
5,10/31/2015,999.0
5,11/30/2015,914.0
5,12/31/2015,1120.0
5,1/31/2016,900.0
5,2/29/2016,772.0
5,3/31/2016,885.0
5,4/30/2016,933.0
5,5/31/2016,1078.0
5,6/30/2016,1076.0
5,7/31/2016,1078.0
5,8/31/2016,1062.0
5,9/30/2016,823.0
5,10/31/2016,827.0
5,11/30/2016,817.0
5,12/31/2016,839.0
5,1/31/2017,957.0
5,2/28/2017,767.0
5,3/31/2017,793.0
5,4/30/2017,937.0
5,5/31/2017,863.0
5,6/30/2017,913.0
5,7/31/2017,988.0
5,8/31/2017,447.0
6,1/31/2013,1569.0
6,2/28/2013,1160.0
6,3/31/2013,1467.0
6,4/30/2013,1389.0
6,5/31/2013,1491.0
6,6/30/2013,1424.0
6,7/31/2013,1424.0
6,8/31/2013,1367.0
6,9/30/2013,1612.0
6,10/31/2013,1539.0
6,11/30/2013,1525.0
6,12/31/2013,1552.0
6,1/31/2014,1671.0
6,2/28/2014,1332.0
6,3/31/2014,1734.0
6,4/30/2014,1519.0
6,5/31/2014,1730.0
6,6/30/2014,1486.0
6,7/31/2014,1495.0
6,8/31/2014,1440.0
6,9/30/2014,1693.0
6,10/31/2014,1672.0
6,11/30/2014,1454.0
6,12/31/2014,1378.0
6,1/31/2015,1523.0
6,2/28/2015,1260.0
6,3/31/2015,1468.0
6,4/30/2015,1410.0
6,5/31/2015,1448.0
6,6/30/2015,1241.0
6,7/31/2015,1354.0
6,8/31/2015,1233.0
6,9/30/2015,1380.0
6,10/31/2015,1437.0
6,11/30/2015,1408.0
6,12/31/2015,1392.0
6,1/31/2016,1427.0
6,2/29/2016,1286.0
6,3/31/2016,1281.0
6,4/30/2016,1328.0
6,5/31/2016,1344.0
6,6/30/2016,1184.0
6,7/31/2016,1243.0
6,8/31/2016,1135.0
6,9/30/2016,1244.0
6,10/31/2016,1215.0
6,11/30/2016,1168.0
6,12/31/2016,1211.0
6,1/31/2017,1317.0
6,2/28/2017,1153.0
6,3/31/2017,1441.0
6,4/30/2017,1827.0
6,5/31/2017,1261.0
6,6/30/2017,1251.0
6,7/31/2017,1341.0
6,8/31/2017,604.0
7,1/31/2013,1306.0
7,2/28/2013,1148.0
7,3/31/2013,1389.0
7,4/30/2013,1366.0
7,5/31/2013,1426.0
7,6/30/2013,1352.0
7,7/31/2013,1315.0
7,8/31/2013,1313.0
7,9/30/2013,1400.0
7,10/31/2013,1373.0
7,11/30/2013,1319.0
7,12/31/2013,1276.0
7,1/31/2014,1388.0
7,2/28/2014,1192.0
7,3/31/2014,1424.0
7,4/30/2014,1384.0
7,5/31/2014,1360.0
7,6/30/2014,1254.0
7,7/31/2014,1098.0
7,8/31/2014,1128.0
7,9/30/2014,1340.0
7,10/31/2014,1331.0
7,11/30/2014,1199.0
7,12/31/2014,1128.0
7,1/31/2015,1223.0
7,2/28/2015,1030.0
7,3/31/2015,1237.0
7,4/30/2015,1250.0
7,5/31/2015,1206.0
7,6/30/2015,1160.0
7,7/31/2015,1163.0
7,8/31/2015,1022.0
7,9/30/2015,1293.0
7,10/31/2015,1254.0
7,11/30/2015,1277.0
7,12/31/2015,1307.0
7,1/31/2016,1229.0
7,2/29/2016,1177.0
7,3/31/2016,1197.0
7,4/30/2016,1361.0
7,5/31/2016,1267.0
7,6/30/2016,1334.0
7,7/31/2016,1167.0
7,8/31/2016,1025.0
7,9/30/2016,1094.0
7,10/31/2016,1138.0
7,11/30/2016,1106.0
7,12/31/2016,1095.0
7,1/31/2017,1268.0
7,2/28/2017,1056.0
7,3/31/2017,1216.0
7,4/30/2017,1169.0
7,5/31/2017,1073.0
7,6/30/2017,1071.0
7,7/31/2017,927.0
7,8/31/2017,401.0
8,1/31/2013,1676.0
8,2/28/2013,1510.0
8,3/31/2013,1666.0
8,4/30/2013,1575.0
8,5/31/2013,1642.0
8,6/30/2013,1627.0
8,7/31/2013,1569.0
8,8/31/2013,1561.0
8,9/30/2013,1592.0
8,10/31/2013,1684.0
8,11/30/2013,1570.0
8,12/31/2013,1623.0
8,1/31/2014,1616.0
8,2/28/2014,1375.0
8,3/31/2014,1639.0
8,4/30/2014,1455.0
8,5/31/2014,1429.0
8,6/30/2014,1327.0
8,7/31/2014,1304.0
8,8/31/2014,1414.0
8,9/30/2014,1459.0
8,10/31/2014,1450.0
8,11/30/2014,1404.0
8,12/31/2014,1431.0
8,1/31/2015,1484.0
8,2/28/2015,1185.0
8,3/31/2015,1445.0
8,4/30/2015,1424.0
8,5/31/2015,1431.0
8,6/30/2015,1257.0
8,7/31/2015,1373.0
8,8/31/2015,1322.0
8,9/30/2015,1291.0
8,10/31/2015,1420.0
8,11/30/2015,1347.0
8,12/31/2015,1461.0
8,1/31/2016,1303.0
8,2/29/2016,1080.0
8,3/31/2016,1104.0
8,4/30/2016,1264.0
8,5/31/2016,1153.0
8,6/30/2016,1113.0
8,7/31/2016,1228.0
8,8/31/2016,1101.0
8,9/30/2016,1131.0
8,10/31/2016,1185.0
8,11/30/2016,1158.0
8,12/31/2016,1246.0
8,1/31/2017,1345.0
8,2/28/2017,1087.0
8,3/31/2017,1227.0
8,4/30/2017,1228.0
8,5/31/2017,1178.0
8,6/30/2017,1181.0
8,7/31/2017,1170.0
8,8/31/2017,551.0
9,1/31/2013,1493.0
9,2/28/2013,1434.0
9,3/31/2013,1704.0
9,4/30/2013,1672.0
9,5/31/2013,1639.0
9,6/30/2013,1526.0
9,7/31/2013,1433.0
9,8/31/2013,1567.0
9,9/30/2013,1716.0
9,10/31/2013,1617.0
9,11/30/2013,1391.0
9,12/31/2013,1485.0
9,1/31/2014,1341.0
9,2/28/2014,1322.0
9,3/31/2014,1445.0
9,4/30/2014,1378.0
9,5/31/2014,1576.0
9,6/30/2014,1339.0
9,7/31/2014,1402.0
9,8/31/2014,1634.0
9,9/30/2014,1799.0
9,10/31/2014,1643.0
9,11/30/2014,1514.0
9,12/31/2014,1536.0
9,1/31/2015,1594.0
9,2/28/2015,1421.0
9,3/31/2015,2065.0
9,4/30/2015,1665.0
9,5/31/2015,1373.0
9,6/30/2015,1208.0
9,7/31/2015,1252.0
9,8/31/2015,1242.0
9,9/30/2015,1286.0
9,10/31/2015,1344.0
9,11/30/2015,1182.0
9,12/31/2015,1120.0
9,1/31/2016,1193.0
9,2/29/2016,1117.0
9,3/31/2016,1156.0
9,4/30/2016,1274.0
9,5/31/2016,1186.0
9,6/30/2016,1116.0
9,7/31/2016,1104.0
9,8/31/2016,992.0
9,9/30/2016,1245.0
9,10/31/2016,1236.0
9,11/30/2016,1147.0
9,12/31/2016,1142.0
9,1/31/2017,1259.0
9,2/28/2017,1053.0
9,3/31/2017,1113.0
9,4/30/2017,1122.0
9,5/31/2017,1044.0
9,6/30/2017,1095.0
9,7/31/2017,980.0
9,8/31/2017,563.0
10,1/31/2013,452.0
10,2/28/2013,442.0
10,3/31/2013,458.0
10,4/30/2013,529.0
10,5/31/2013,581.0
10,6/30/2013,539.0
10,7/31/2013,477.0
10,8/31/2013,458.0
10,9/30/2013,530.0
10,10/31/2013,482.0
10,11/30/2013,455.0
10,12/31/2013,507.0
10,1/31/2014,409.0
10,2/28/2014,430.0
10,3/31/2014,448.0
10,4/30/2014,430.0
10,5/31/2014,439.0
10,6/30/2014,411.0
10,7/31/2014,447.0
10,8/31/2014,409.0
10,9/30/2014,533.0
10,10/31/2014,403.0
10,11/30/2014,386.0
10,12/31/2014,380.0
10,1/31/2015,384.0
10,2/28/2015,297.0
10,3/31/2015,410.0
10,4/30/2015,404.0
10,5/31/2015,376.0
10,6/30/2015,303.0
10,7/31/2015,333.0
10,8/31/2015,328.0
10,9/30/2015,319.0
10,10/31/2015,318.0
10,11/30/2015,309.0
10,12/31/2015,292.0
10,1/31/2016,280.0
10,2/29/2016,388.0
10,3/31/2016,344.0
10,4/30/2016,358.0
10,5/31/2016,394.0
10,6/30/2016,325.0
10,7/31/2016,211.0
10,8/31/2016,269.0
10,9/30/2016,322.0
10,10/31/2016,333.0
10,11/30/2016,216.0
10,12/31/2016,287.0
10,1/31/2017,361.0
10,2/28/2017,350.0
10,3/31/2017,363.0
10,4/30/2017,393.0
10,5/31/2017,362.0
10,6/30/2017,389.0
10,7/31/2017,364.0
10,8/31/2017,204.0
11,1/31/2013,989.0
11,2/28/2013,1004.0
11,3/31/2013,1178.0
11,4/30/2013,1134.0
11,5/31/2013,1145.0
11,6/30/2013,1062.0
11,7/31/2013,954.0
11,8/31/2013,970.0
11,9/30/2013,1079.0
11,10/31/2013,1068.0
11,11/30/2013,900.0
11,12/31/2013,883.0
11,1/31/2014,963.0
11,2/28/2014,929.0
11,3/31/2014,996.0
11,4/30/2014,900.0
11,5/31/2014,909.0
11,6/30/2014,809.0
11,7/31/2014,925.0
11,8/31/2014,977.0
11,9/30/2014,939.0
11,10/31/2014,958.0
11,11/30/2014,876.0
11,12/31/2014,876.0
11,1/31/2015,946.0
11,2/28/2015,752.0
11,3/31/2015,1059.0
11,4/30/2015,928.0
11,5/31/2015,997.0
11,6/30/2015,732.0
11,7/31/2015,782.0
11,8/31/2015,834.0
11,9/30/2015,1040.0
11,10/31/2015,1001.0
11,11/30/2015,917.0
11,12/31/2015,754.0
11,1/31/2016,763.0
11,2/29/2016,763.0
11,3/31/2016,940.0
11,4/30/2016,906.0
11,5/31/2016,991.0
11,6/30/2016,878.0
11,7/31/2016,825.0
11,8/31/2016,911.0
11,9/30/2016,1024.0
11,10/31/2016,1037.0
11,11/30/2016,867.0
11,12/31/2016,917.0
11,1/31/2017,1314.0
11,2/28/2017,994.0
11,3/31/2017,874.0
11,4/30/2017,867.0
11,5/31/2017,866.0
11,6/30/2017,896.0
11,7/31/2017,2507.0
11,8/31/2017,479.0
12,1/31/2013,639.0
12,2/28/2013,630.0
12,3/31/2013,629.0
12,4/30/2013,724.0
12,5/31/2013,749.0
12,6/30/2013,739.0
12,7/31/2013,698.0
12,8/31/2013,669.0
12,9/30/2013,783.0
12,10/31/2013,689.0
12,11/30/2013,648.0
12,12/31/2013,668.0
12,1/31/2014,601.0
12,2/28/2014,727.0
12,3/31/2014,630.0
12,4/30/2014,634.0
12,5/31/2014,665.0
12,6/30/2014,636.0
12,7/31/2014,657.0
12,8/31/2014,603.0
12,9/30/2014,641.0
12,10/31/2014,636.0
12,11/30/2014,601.0
12,12/31/2014,468.0
12,1/31/2015,589.0
12,2/28/2015,553.0
12,3/31/2015,543.0
12,4/30/2015,543.0
12,5/31/2015,120.0
12,6/30/2015,654.0
12,7/31/2015,574.0
12,8/31/2015,575.0
12,9/30/2015,569.0
12,10/31/2015,588.0
12,11/30/2015,447.0
12,12/31/2015,503.0
12,1/31/2016,453.0
12,2/29/2016,535.0
12,3/31/2016,558.0
12,4/30/2016,516.0
12,5/31/2016,513.0
12,6/30/2016,561.0
12,7/31/2016,568.0
12,8/31/2016,569.0
12,9/30/2016,477.0
12,10/31/2016,490.0
12,11/30/2016,481.0
12,12/31/2016,506.0
12,1/31/2017,567.0
12,2/28/2017,553.0
12,3/31/2017,569.0
12,4/30/2017,604.0
12,5/31/2017,591.0
12,6/30/2017,500.0
12,7/31/2017,518.0
12,8/31/2017,243.0
13,1/31/2013,595.0
13,2/28/2013,562.0
13,3/31/2013,680.0
13,4/30/2013,707.0
13,5/31/2013,648.0
13,6/30/2013,692.0
13,7/31/2013,656.0
13,8/31/2013,592.0
13,9/30/2013,654.0
13,10/31/2013,671.0
13,11/30/2013,620.0
13,12/31/2013,473.0
13,1/31/2014,473.0
13,2/28/2014,534.0
13,3/31/2014,582.0
13,4/30/2014,510.0
13,5/31/2014,518.0
13,6/30/2014,411.0
13,7/31/2014,495.0
13,8/31/2014,457.0
13,9/30/2014,492.0
13,10/31/2014,481.0
13,11/30/2014,481.0
13,12/31/2014,541.0
13,1/31/2015,553.0
13,2/28/2015,420.0
13,3/31/2015,598.0
13,4/30/2015,852.0
13,5/31/2015,707.0
13,6/30/2015,505.0
13,7/31/2015,437.0
13,8/31/2015,507.0
13,9/30/2015,344.0
13,10/31/2015,364.0
13,11/30/2015,316.0
13,12/31/2015,335.0
13,1/31/2016,352.0
13,2/29/2016,373.0
13,3/31/2016,301.0
13,4/30/2016,344.0
13,5/31/2016,375.0
13,6/30/2016,338.0
13,7/31/2016,345.0
13,8/31/2016,320.0
13,9/30/2016,346.0
13,10/31/2016,404.0
13,11/30/2016,346.0
13,12/31/2016,297.0
13,1/31/2017,338.0
13,2/28/2017,345.0
13,3/31/2017,326.0
13,4/30/2017,322.0
13,5/31/2017,312.0
13,6/30/2017,253.0
13,7/31/2017,306.0
13,8/31/2017,143.0
14,1/31/2013,966.0
14,2/28/2013,836.0
14,3/31/2013,939.0
14,4/30/2013,899.0
14,5/31/2013,809.0
14,6/30/2013,854.0
14,7/31/2013,791.0
14,8/31/2013,799.0
14,9/30/2013,934.0
14,10/31/2013,864.0
14,11/30/2013,833.0
14,12/31/2013,764.0
14,1/31/2014,705.0
14,2/28/2014,683.0
14,3/31/2014,832.0
14,4/30/2014,813.0
14,5/31/2014,826.0
14,6/30/2014,803.0
14,7/31/2014,849.0
14,8/31/2014,76.0
14,9/30/2014,519.0
14,10/31/2014,877.0
14,11/30/2014,970.0
14,12/31/2014,1113.0
14,1/31/2015,1170.0
14,2/28/2015,947.0
14,3/31/2015,1242.0
14,4/30/2015,1252.0
14,5/31/2015,1053.0
14,6/30/2015,1034.0
14,7/31/2015,910.0
14,8/31/2015,928.0
14,9/30/2015,956.0
14,10/31/2015,954.0
14,11/30/2015,791.0
14,12/31/2015,835.0
14,1/31/2016,719.0
14,2/29/2016,728.0
14,3/31/2016,742.0
14,4/30/2016,806.0
14,5/31/2016,842.0
14,6/30/2016,804.0
14,7/31/2016,763.0
14,8/31/2016,723.0
14,9/30/2016,725.0
14,10/31/2016,812.0
14,11/30/2016,679.0
14,12/31/2016,761.0
14,1/31/2017,819.0
14,2/28/2017,588.0
14,3/31/2017,632.0
14,4/30/2017,667.0
14,5/31/2017,649.0
14,6/30/2017,643.0
14,7/31/2017,637.0
14,8/31/2017,255.0
15,1/31/2013,682.0
15,2/28/2013,575.0
15,3/31/2013,609.0
15,4/30/2013,664.0
15,5/31/2013,782.0
15,6/30/2013,750.0
15,7/31/2013,707.0
15,8/31/2013,680.0
15,9/30/2013,773.0
15,10/31/2013,867.0
15,11/30/2013,834.0
15,12/31/2013,831.0
15,1/31/2014,756.0
15,2/28/2014,783.0
15,3/31/2014,864.0
15,4/30/2014,827.0
15,5/31/2014,769.0
15,6/30/2014,761.0
15,7/31/2014,753.0
15,8/31/2014,721.0
15,9/30/2014,900.0
15,10/31/2014,715.0
15,11/30/2014,738.0
15,12/31/2014,691.0
15,1/31/2015,814.0
15,2/28/2015,632.0
15,3/31/2015,763.0
15,4/30/2015,750.0
15,5/31/2015,874.0
15,6/30/2015,705.0
15,7/31/2015,732.0
15,8/31/2015,670.0
15,9/30/2015,642.0
15,10/31/2015,599.0
15,11/30/2015,502.0
15,12/31/2015,494.0
15,1/31/2016,518.0
15,2/29/2016,479.0
15,3/31/2016,550.0
15,4/30/2016,517.0
15,5/31/2016,524.0
15,6/30/2016,404.0
15,7/31/2016,409.0
15,8/31/2016,427.0
15,9/30/2016,494.0
15,10/31/2016,440.0
15,11/30/2016,350.0
15,12/31/2016,418.0
15,1/31/2017,487.0
15,2/28/2017,386.0
15,3/31/2017,314.0
15,4/30/2017,342.0
15,5/31/2017,350.0
15,6/30/2017,362.0
15,7/31/2017,683.0
15,8/31/2017,147.0
16,1/31/2013,1590.0
16,2/28/2013,1499.0
16,3/31/2013,1466.0
16,4/30/2013,1544.0
16,5/31/2013,1763.0
16,6/30/2013,1771.0
16,7/31/2013,1701.0
16,8/31/2013,1629.0
16,9/30/2013,1533.0
16,10/31/2013,1265.0
16,11/30/2013,1462.0
16,12/31/2013,1449.0
16,1/31/2014,1526.0
16,2/28/2014,1491.0
16,3/31/2014,1528.0
16,4/30/2014,1404.0
16,5/31/2014,1706.0
16,6/30/2014,1706.0
16,7/31/2014,1574.0
16,8/31/2014,1527.0
16,9/30/2014,1409.0
16,10/31/2014,1422.0
16,11/30/2014,1018.0
16,12/31/2014,861.0
16,1/31/2015,1341.0
16,2/28/2015,1216.0
16,3/31/2015,1457.0
16,4/30/2015,1689.0
16,5/31/2015,1819.0
16,6/30/2015,1664.0
16,7/31/2015,1522.0
16,8/31/2015,961.0
16,9/30/2015,907.0
16,10/31/2015,885.0
16,11/30/2015,853.0
16,12/31/2015,732.0
16,1/31/2016,905.0
16,2/29/2016,724.0
16,3/31/2016,791.0
16,4/30/2016,715.0
16,5/31/2016,912.0
16,6/30/2016,850.0
16,7/31/2016,821.0
16,8/31/2016,822.0
16,9/30/2016,835.0
16,10/31/2016,762.0
16,11/30/2016,666.0
16,12/31/2016,659.0
16,1/31/2017,671.0
16,2/28/2017,521.0
16,3/31/2017,615.0
16,4/30/2017,613.0
16,5/31/2017,698.0
16,6/30/2017,686.0
16,7/31/2017,691.0
16,8/31/2017,329.0
17,1/31/2013,604.0
17,2/28/2013,708.0
17,3/31/2013,972.0
17,4/30/2013,1073.0
17,5/31/2013,1132.0
17,6/30/2013,1062.0
17,7/31/2013,1108.0
17,8/31/2013,1027.0
17,9/30/2013,1071.0
17,10/31/2013,1139.0
17,11/30/2013,1010.0
17,12/31/2013,1047.0
17,1/31/2014,1162.0
17,2/28/2014,1049.0
17,3/31/2014,1108.0
17,4/30/2014,836.0
17,5/31/2014,1034.0
17,6/30/2014,945.0
17,7/31/2014,984.0
17,8/31/2014,995.0
17,9/30/2014,1275.0
17,10/31/2014,1255.0
17,11/30/2014,1375.0
17,12/31/2014,1227.0
17,1/31/2015,1351.0
17,2/28/2015,1043.0
17,3/31/2015,1347.0
17,4/30/2015,943.0
17,5/31/2015,1139.0
17,6/30/2015,1028.0
17,7/31/2015,1004.0
17,8/31/2015,1042.0
17,9/30/2015,1159.0
17,10/31/2015,1124.0
17,11/30/2015,1034.0
17,12/31/2015,962.0
17,1/31/2016,1024.0
17,2/29/2016,972.0
17,3/31/2016,850.0
17,4/30/2016,942.0
17,5/31/2016,818.0
17,6/30/2016,789.0
17,7/31/2016,734.0
17,8/31/2016,731.0
17,9/30/2016,807.0
17,10/31/2016,1211.0
17,11/30/2016,930.0
17,12/31/2016,907.0
17,1/31/2017,1060.0
17,2/28/2017,931.0
17,3/31/2017,926.0
17,4/30/2017,958.0
17,5/31/2017,1033.0
17,6/30/2017,958.0
17,7/31/2017,965.0
17,8/31/2017,443.0
18,1/31/2013,808.0
18,2/28/2013,771.0
18,3/31/2013,1119.0
18,4/30/2013,1201.0
18,5/31/2013,1055.0
18,6/30/2013,1089.0
18,7/31/2013,1001.0
18,8/31/2013,991.0
18,9/30/2013,1223.0
18,10/31/2013,1067.0
18,11/30/2013,1091.0
18,12/31/2013,986.0
18,1/31/2014,1027.0
18,2/28/2014,970.0
18,3/31/2014,1104.0
18,4/30/2014,1056.0
18,5/31/2014,1053.0
18,6/30/2014,1029.0
18,7/31/2014,925.0
18,8/31/2014,1125.0
18,9/30/2014,1321.0
18,10/31/2014,1101.0
18,11/30/2014,1069.0
18,12/31/2014,955.0
18,1/31/2015,1061.0
18,2/28/2015,864.0
18,3/31/2015,1173.0
18,4/30/2015,1002.0
18,5/31/2015,1068.0
18,6/30/2015,908.0
18,7/31/2015,891.0
18,8/31/2015,871.0
18,9/30/2015,906.0
18,10/31/2015,856.0
18,11/30/2015,717.0
18,12/31/2015,682.0
18,1/31/2016,871.0
18,2/29/2016,737.0
18,3/31/2016,832.0
18,4/30/2016,821.0
18,5/31/2016,771.0
18,6/30/2016,808.0
18,7/31/2016,698.0
18,8/31/2016,315.0
18,9/30/2016,315.0
18,10/31/2016,315.0
18,11/30/2016,315.0
18,12/31/2016,672.0
18,1/31/2017,938.0
18,2/28/2017,817.0
18,3/31/2017,814.0
18,4/30/2017,872.0
18,5/31/2017,773.0
18,6/30/2017,795.0
18,7/31/2017,733.0
18,8/31/2017,426.0
19,1/31/2013,468.0
19,2/28/2013,414.0
19,3/31/2013,410.0
19,4/30/2013,502.0
19,5/31/2013,480.0
19,6/30/2013,408.0
19,7/31/2013,368.0
19,8/31/2013,336.0
19,9/30/2013,380.0
19,10/31/2013,407.0
19,11/30/2013,410.0
19,12/31/2013,618.0
19,1/31/2014,648.0
19,2/28/2014,664.0
19,3/31/2014,781.0
19,4/30/2014,760.0
19,5/31/2014,780.0
19,6/30/2014,790.0
19,7/31/2014,743.0
19,8/31/2014,745.0
19,9/30/2014,773.0
19,10/31/2014,826.0
19,11/30/2014,739.0
19,12/31/2014,779.0
19,1/31/2015,798.0
19,2/28/2015,675.0
19,3/31/2015,868.0
19,4/30/2015,799.0
19,5/31/2015,813.0
19,6/30/2015,678.0
19,7/31/2015,736.0
19,8/31/2015,780.0
19,9/30/2015,838.0
19,10/31/2015,862.0
19,11/30/2015,816.0
19,12/31/2015,803.0
19,1/31/2016,753.0
19,2/29/2016,837.0
19,3/31/2016,830.0
19,4/30/2016,852.0
19,5/31/2016,888.0
19,6/30/2016,750.0
19,7/31/2016,690.0
19,8/31/2016,701.0
19,9/30/2016,840.0
19,10/31/2016,922.0
19,11/30/2016,756.0
19,12/31/2016,852.0
19,1/31/2017,849.0
19,2/28/2017,704.0
19,3/31/2017,816.0
19,4/30/2017,869.0
19,5/31/2017,868.0
19,6/30/2017,722.0
19,7/31/2017,812.0
19,8/31/2017,392.0
23,1/31/2013,990.0
23,2/28/2013,950.0
23,3/31/2013,1007.0
23,4/30/2013,1059.0
23,5/31/2013,968.0
23,6/30/2013,1014.0
23,7/31/2013,913.0
23,8/31/2013,775.0
23,9/30/2013,1044.0
23,10/31/2013,949.0
23,11/30/2013,721.0
23,12/31/2013,789.0
23,1/31/2014,922.0
23,2/28/2014,781.0
23,3/31/2014,955.0
23,4/30/2014,839.0
23,5/31/2014,869.0
23,6/30/2014,759.0
23,7/31/2014,771.0
23,8/31/2014,840.0
23,9/30/2014,795.0
23,10/31/2014,821.0
23,11/30/2014,738.0
23,12/31/2014,877.0
23,1/31/2015,927.0
23,2/28/2015,746.0
23,3/31/2015,808.0
23,4/30/2015,853.0
23,5/31/2015,828.0
23,6/30/2015,824.0
23,7/31/2015,757.0
23,8/31/2015,755.0
23,9/30/2015,845.0
23,10/31/2015,882.0
23,11/30/2015,794.0
23,12/31/2015,674.0
23,1/31/2016,732.0
23,2/29/2016,643.0
23,3/31/2016,666.0
23,4/30/2016,636.0
23,5/31/2016,622.0
23,6/30/2016,567.0
23,7/31/2016,617.0
23,8/31/2016,578.0
23,9/30/2016,539.0
23,10/31/2016,569.0
23,11/30/2016,536.0
23,12/31/2016,608.0
23,1/31/2017,651.0
23,2/28/2017,562.0
23,3/31/2017,538.0
23,4/30/2017,586.0
23,5/31/2017,583.0
23,6/30/2017,542.0
23,7/31/2017,496.0
23,8/31/2017,251.0
24,1/31/2013,1820.0
24,2/28/2013,1570.0
24,3/31/2013,1826.0
24,4/30/2013,1560.0
24,5/31/2013,1951.0
24,6/30/2013,1851.0
24,7/31/2013,1864.0
24,8/31/2013,1881.0
24,9/30/2013,1587.0
24,10/31/2013,1508.0
24,11/30/2013,1559.0
24,12/31/2013,2112.0
24,1/31/2014,1521.0
24,2/28/2014,1314.0
24,3/31/2014,1417.0
24,4/30/2014,617.0
24,5/31/2014,617.0
24,6/30/2014,617.0
24,7/31/2014,354.0
24,8/31/2014,1512.0
24,9/30/2014,1267.0
24,10/31/2014,1310.0
24,11/30/2014,1561.0
24,12/31/2014,2695.0
24,1/31/2015,1856.0
24,2/28/2015,1768.0
24,3/31/2015,1809.0
24,4/30/2015,1715.0
24,5/31/2015,1943.0
24,6/30/2015,1843.0
24,7/31/2015,2027.0
24,8/31/2015,1956.0
24,9/30/2015,1684.0
24,10/31/2015,1682.0
24,11/30/2015,1721.0
24,12/31/2015,2595.0
24,1/31/2016,1623.0
24,2/29/2016,1496.0
24,3/31/2016,1492.0
24,4/30/2016,1886.0
24,5/31/2016,1766.0
24,6/30/2016,1763.0
24,7/31/2016,1690.0
24,8/31/2016,1739.0
24,9/30/2016,1543.0
24,10/31/2016,1448.0
24,11/30/2016,1489.0
24,12/31/2016,2386.0
24,1/31/2017,1697.0
24,2/28/2017,1418.0
24,3/31/2017,1489.0
24,4/30/2017,1433.0
24,5/31/2017,1590.0
24,6/30/2017,1553.0
24,7/31/2017,1379.0
24,8/31/2017,630.0
25,1/31/2013,665.0
25,2/28/2013,1153.0
25,3/31/2013,1123.0
25,4/30/2013,659.0
25,5/31/2013,546.0
25,6/30/2013,398.0
25,7/31/2013,456.0
25,8/31/2013,678.0
25,9/30/2013,384.0
25,10/31/2013,568.0
25,11/30/2013,353.0
25,12/31/2013,1131.0
25,1/31/2014,574.0
25,2/28/2014,625.0
25,3/31/2014,1035.0
25,4/30/2014,749.0
25,5/31/2014,505.0
25,6/30/2014,471.0
25,7/31/2014,499.0
25,8/31/2014,656.0
25,9/30/2014,460.0
25,10/31/2014,675.0
25,11/30/2014,470.0
25,12/31/2014,1238.0
25,1/31/2015,1087.0
25,2/28/2015,930.0
25,3/31/2015,941.0
25,4/30/2015,1072.0
25,5/31/2015,716.0
25,6/30/2015,601.0
25,7/31/2015,750.0
25,8/31/2015,943.0
25,9/30/2015,478.0
25,10/31/2015,744.0
25,11/30/2015,578.0
25,12/31/2015,1121.0
25,1/31/2016,755.0
25,2/29/2016,961.0
25,3/31/2016,785.0
25,4/30/2016,658.0
25,5/31/2016,569.0
25,6/30/2016,519.0
25,7/31/2016,672.0
25,8/31/2016,691.0
25,9/30/2016,691.0
25,10/31/2016,128.0
25,11/30/2016,699.0
25,12/31/2016,868.0
25,1/31/2017,644.0
25,2/28/2017,947.0
25,3/31/2017,885.0
25,4/30/2017,925.0
25,5/31/2017,646.0
25,6/30/2017,610.0
25,7/31/2017,772.0
25,8/31/2017,588.0
26,1/31/2013,1164.0
26,2/28/2013,858.0
26,3/31/2013,1094.0
26,4/30/2013,914.0
26,5/31/2013,1165.0
26,6/30/2013,959.0
26,7/31/2013,816.0
26,8/31/2013,841.0
26,9/30/2013,826.0
26,10/31/2013,661.0
26,11/30/2013,627.0
26,12/31/2013,1606.0
26,1/31/2014,703.0
26,2/28/2014,674.0
26,3/31/2014,643.0
26,4/30/2014,612.0
26,5/31/2014,772.0
26,6/30/2014,686.0
26,7/31/2014,728.0
26,8/31/2014,791.0
26,9/30/2014,640.0
26,10/31/2014,606.0
26,11/30/2014,612.0
26,12/31/2014,1717.0
26,1/31/2015,822.0
26,2/28/2015,612.0
26,3/31/2015,610.0
26,4/30/2015,531.0
26,5/31/2015,647.0
26,6/30/2015,544.0
26,7/31/2015,696.0
26,8/31/2015,605.0
26,9/30/2015,473.0
26,10/31/2015,563.0
26,11/30/2015,520.0
26,12/31/2015,1302.0
26,1/31/2016,549.0
26,2/29/2016,482.0
26,3/31/2016,434.0
26,4/30/2016,520.0
26,5/31/2016,526.0
26,6/30/2016,497.0
26,7/31/2016,521.0
26,8/31/2016,403.0
26,9/30/2016,430.0
26,10/31/2016,446.0
26,11/30/2016,419.0
26,12/31/2016,1141.0
26,1/31/2017,543.0
26,2/28/2017,462.0
26,3/31/2017,480.0
26,4/30/2017,552.0
26,5/31/2017,599.0
26,6/30/2017,560.0
26,7/31/2017,535.0
26,8/31/2017,233.0
27,1/31/2013,1648.0
27,2/28/2013,1609.0
27,3/31/2013,1838.0
27,4/30/2013,1731.0
27,5/31/2013,1909.0
27,6/30/2013,1765.0
27,7/31/2013,1785.0
27,8/31/2013,1724.0
27,9/30/2013,1627.0
27,10/31/2013,1558.0
27,11/30/2013,1313.0
27,12/31/2013,1670.0
27,1/31/2014,1325.0
27,2/28/2014,1240.0
27,3/31/2014,1576.0
27,4/30/2014,1493.0
27,5/31/2014,1732.0
27,6/30/2014,1661.0
27,7/31/2014,1643.0
27,8/31/2014,1690.0
27,9/30/2014,1500.0
27,10/31/2014,1722.0
27,11/30/2014,1700.0
27,12/31/2014,2062.0
27,1/31/2015,1763.0
27,2/28/2015,1867.0
27,3/31/2015,2045.0
27,4/30/2015,1869.0
27,5/31/2015,1869.0
27,6/30/2015,1691.0
27,7/31/2015,1919.0
27,8/31/2015,1801.0
27,9/30/2015,1632.0
27,10/31/2015,1627.0
27,11/30/2015,1560.0
27,12/31/2015,1744.0
27,1/31/2016,1635.0
27,2/29/2016,1482.0
27,3/31/2016,1575.0
27,4/30/2016,1753.0
27,5/31/2016,1792.0
27,6/30/2016,1529.0
27,7/31/2016,1546.0
27,8/31/2016,1432.0
27,9/30/2016,1266.0
27,10/31/2016,1325.0
27,11/30/2016,1348.0
27,12/31/2016,1764.0
27,1/31/2017,1654.0
27,2/28/2017,1548.0
27,3/31/2017,1514.0
27,4/30/2017,1532.0
27,5/31/2017,1535.0
27,6/30/2017,1474.0
27,7/31/2017,1481.0
27,8/31/2017,718.0
28,1/31/2013,1149.0
28,2/28/2013,1074.0
28,3/31/2013,1449.0
28,4/30/2013,1396.0
28,5/31/2013,2124.0
28,6/30/2013,1917.0
28,7/31/2013,1813.0
28,8/31/2013,1670.0
28,9/30/2013,1736.0
28,10/31/2013,1352.0
28,11/30/2013,1321.0
28,12/31/2013,2274.0
28,1/31/2014,1396.0
28,2/28/2014,1430.0
28,3/31/2014,1422.0
28,4/30/2014,1316.0
28,5/31/2014,1838.0
28,6/30/2014,1626.0
28,7/31/2014,1489.0
28,8/31/2014,1691.0
28,9/30/2014,1430.0
28,10/31/2014,1539.0
28,11/30/2014,1817.0
28,12/31/2014,2786.0
28,1/31/2015,1785.0
28,2/28/2015,1698.0
28,3/31/2015,2087.0
28,4/30/2015,1888.0
28,5/31/2015,2098.0
28,6/30/2015,1667.0
28,7/31/2015,1761.0
28,8/31/2015,1909.0
28,9/30/2015,1539.0
28,10/31/2015,1313.0
28,11/30/2015,1317.0
28,12/31/2015,1917.0
28,1/31/2016,1311.0
28,2/29/2016,1251.0
28,3/31/2016,1119.0
28,4/30/2016,1560.0
28,5/31/2016,1632.0
28,6/30/2016,1635.0
28,7/31/2016,1518.0
28,8/31/2016,1416.0
28,9/30/2016,1383.0
28,10/31/2016,1325.0
28,11/30/2016,1179.0
28,12/31/2016,2101.0
28,1/31/2017,1438.0
28,2/28/2017,1299.0
28,3/31/2017,1285.0
28,4/30/2017,1357.0
28,5/31/2017,1632.0
28,6/30/2017,1394.0
28,7/31/2017,1319.0
28,8/31/2017,672.0
30,1/31/2013,736.0
30,2/28/2013,659.0
30,3/31/2013,646.0
30,4/30/2013,735.0
30,5/31/2013,868.0
30,6/30/2013,697.0
30,7/31/2013,208.0
30,8/31/2013,713.0
30,9/30/2013,701.0
30,10/31/2013,635.0
30,11/30/2013,591.0
30,12/31/2013,808.0
30,1/31/2014,512.0
30,2/28/2014,493.0
30,3/31/2014,442.0
30,4/30/2014,410.0
30,5/31/2014,555.0
30,6/30/2014,497.0
30,7/31/2014,557.0
30,8/31/2014,494.0
30,9/30/2014,430.0
30,10/31/2014,359.0
30,11/30/2014,431.0
30,12/31/2014,720.0
30,1/31/2015,507.0
30,2/28/2015,416.0
30,3/31/2015,418.0
30,4/30/2015,411.0
30,5/31/2015,410.0
30,6/30/2015,388.0
30,7/31/2015,355.0
30,8/31/2015,410.0
30,9/30/2015,343.0
30,10/31/2015,365.0
30,11/30/2015,369.0
30,12/31/2015,567.0
30,1/31/2016,386.0
30,2/29/2016,381.0
30,3/31/2016,325.0
30,4/30/2016,352.0
30,5/31/2016,353.0
30,6/30/2016,380.0
30,7/31/2016,308.0
30,8/31/2016,339.0
30,9/30/2016,292.0
30,10/31/2016,302.0
30,11/30/2016,335.0
30,12/31/2016,536.0
30,1/31/2017,452.0
30,2/28/2017,398.0
30,3/31/2017,364.0
30,4/30/2017,267.0
30,5/31/2017,409.0
30,6/30/2017,388.0
30,7/31/2017,327.0
30,8/31/2017,189.0
31,1/31/2013,1569.0
31,2/28/2013,1396.0
31,3/31/2013,1806.0
31,4/30/2013,1695.0
31,5/31/2013,2169.0
31,6/30/2013,1970.0
31,7/31/2013,1745.0
31,8/31/2013,1628.0
31,9/30/2013,1538.0
31,10/31/2013,1610.0
31,11/30/2013,1629.0
31,12/31/2013,2295.0
31,1/31/2014,1610.0
31,2/28/2014,1640.0
31,3/31/2014,1971.0
31,4/30/2014,1699.0
31,5/31/2014,1945.0
31,6/30/2014,1887.0
31,7/31/2014,1596.0
31,8/31/2014,1604.0
31,9/30/2014,1334.0
31,10/31/2014,1587.0
31,11/30/2014,1591.0
31,12/31/2014,2309.0
31,1/31/2015,1694.0
31,2/28/2015,1350.0
31,3/31/2015,1731.0
31,4/30/2015,1582.0
31,5/31/2015,1993.0
31,6/30/2015,1646.0
31,7/31/2015,1725.0
31,8/31/2015,1719.0
31,9/30/2015,1592.0
31,10/31/2015,1655.0
31,11/30/2015,1336.0
31,12/31/2015,2016.0
31,1/31/2016,1428.0
31,2/29/2016,1159.0
31,3/31/2016,1147.0
31,4/30/2016,1423.0
31,5/31/2016,1741.0
31,6/30/2016,1468.0
31,7/31/2016,1314.0
31,8/31/2016,1221.0
31,9/30/2016,1127.0
31,10/31/2016,1370.0
31,11/30/2016,1168.0
31,12/31/2016,1964.0
31,1/31/2017,1470.0
31,2/28/2017,1084.0
31,3/31/2017,1171.0
31,4/30/2017,1362.0
31,5/31/2017,1357.0
31,6/30/2017,1419.0
31,7/31/2017,1216.0
31,8/31/2017,615.0
32,1/31/2013,473.0
32,2/28/2013,436.0
32,3/31/2013,546.0
32,4/30/2013,576.0
32,5/31/2013,807.0
32,6/30/2013,650.0
32,7/31/2013,651.0
32,8/31/2013,604.0
32,9/30/2013,542.0
32,10/31/2013,444.0
32,11/30/2013,479.0
32,12/31/2013,953.0
32,1/31/2014,434.0
32,2/28/2014,485.0
32,3/31/2014,518.0
32,4/30/2014,480.0
32,5/31/2014,529.0
32,6/30/2014,458.0
32,7/31/2014,364.0
32,8/31/2014,347.0
32,9/30/2014,280.0
32,10/31/2014,275.0
32,11/30/2014,283.0
32,12/31/2014,892.0
32,1/31/2015,463.0
32,2/28/2015,248.0
32,3/31/2015,360.0
32,4/30/2015,393.0
32,5/31/2015,541.0
32,6/30/2015,425.0
32,7/31/2015,498.0
32,8/31/2015,419.0
32,9/30/2015,341.0
32,10/31/2015,419.0
32,11/30/2015,389.0
32,12/31/2015,678.0
32,1/31/2016,341.0
32,2/29/2016,329.0
32,3/31/2016,307.0
32,4/30/2016,276.0
32,5/31/2016,357.0
32,6/30/2016,370.0
32,7/31/2016,323.0
32,8/31/2016,271.0
32,9/30/2016,274.0
32,10/31/2016,318.0
32,11/30/2016,271.0
32,12/31/2016,791.0
32,1/31/2017,376.0
32,2/28/2017,318.0
32,3/31/2017,275.0
32,4/30/2017,270.0
32,5/31/2017,327.0
32,6/30/2017,311.0
32,7/31/2017,230.0
32,8/31/2017,143.0
33,1/31/2013,1578.0
33,2/28/2013,1306.0
33,3/31/2013,1473.0
33,4/30/2013,1449.0
33,5/31/2013,1887.0
33,6/30/2013,1828.0
33,7/31/2013,1821.0
33,8/31/2013,1510.0
33,9/30/2013,1446.0
33,10/31/2013,1404.0
33,11/30/2013,1306.0
33,12/31/2013,2889.0
33,1/31/2014,1319.0
33,2/28/2014,1179.0
33,3/31/2014,1180.0
33,4/30/2014,1179.0
33,5/31/2014,1424.0
33,6/30/2014,1441.0
33,7/31/2014,1368.0
33,8/31/2014,1565.0
33,9/30/2014,1379.0
33,10/31/2014,1219.0
33,11/30/2014,1401.0
33,12/31/2014,3791.0
33,1/31/2015,1501.0
33,2/28/2015,1238.0
33,3/31/2015,1476.0
33,4/30/2015,1345.0
33,5/31/2015,1384.0
33,6/30/2015,1195.0
33,7/31/2015,1348.0
33,8/31/2015,1455.0
33,9/30/2015,1359.0
33,10/31/2015,1381.0
33,11/30/2015,1087.0
33,12/31/2015,2621.0
33,1/31/2016,1283.0
33,2/29/2016,1112.0
33,3/31/2016,1120.0
33,4/30/2016,1285.0
33,5/31/2016,1342.0
33,6/30/2016,1080.0
33,7/31/2016,999.0
33,8/31/2016,893.0
33,9/30/2016,1005.0
33,10/31/2016,966.0
33,11/30/2016,891.0
33,12/31/2016,2537.0
33,1/31/2017,1037.0
33,2/28/2017,837.0
33,3/31/2017,828.0
33,4/30/2017,872.0
33,5/31/2017,1015.0
33,6/30/2017,994.0
33,7/31/2017,1183.0
33,8/31/2017,511.0
34,1/31/2013,1836.0
34,2/28/2013,1835.0
34,3/31/2013,1969.0
34,4/30/2013,2042.0
34,5/31/2013,2398.0
34,6/30/2013,2062.0
34,7/31/2013,2058.0
34,8/31/2013,1974.0
34,9/30/2013,1834.0
34,10/31/2013,1977.0
34,11/30/2013,1895.0
34,12/31/2013,3380.0
34,1/31/2014,1691.0
34,2/28/2014,1744.0
34,3/31/2014,1982.0
34,4/30/2014,1704.0
34,5/31/2014,1778.0
34,6/30/2014,1735.0
34,7/31/2014,1831.0
34,8/31/2014,1763.0
34,9/30/2014,1347.0
34,10/31/2014,1527.0
34,11/30/2014,1487.0
34,12/31/2014,3013.0
34,1/31/2015,1671.0
34,2/28/2015,1380.0
34,3/31/2015,1596.0
34,4/30/2015,1487.0
34,5/31/2015,1670.0
34,6/30/2015,1419.0
34,7/31/2015,1390.0
34,8/31/2015,1256.0
34,9/30/2015,1083.0
34,10/31/2015,1147.0
34,11/30/2015,1137.0
34,12/31/2015,2182.0
34,1/31/2016,1117.0
34,2/29/2016,1072.0
34,3/31/2016,1169.0
34,4/30/2016,1152.0
34,5/31/2016,1163.0
34,6/30/2016,1269.0
34,7/31/2016,917.0
34,8/31/2016,1092.0
34,9/30/2016,1083.0
34,10/31/2016,1073.0
34,11/30/2016,922.0
34,12/31/2016,2013.0
34,1/31/2017,1089.0
34,2/28/2017,925.0
34,3/31/2017,968.0
34,4/30/2017,1020.0
34,5/31/2017,1138.0
34,6/30/2017,998.0
34,7/31/2017,930.0
34,8/31/2017,505.0
35,1/31/2013,705.0
35,2/28/2013,881.0
35,3/31/2013,849.0
35,4/30/2013,503.0
35,5/31/2013,647.0
35,6/30/2013,559.0
35,7/31/2013,496.0
35,8/31/2013,648.0
35,9/30/2013,536.0
35,10/31/2013,497.0
35,11/30/2013,507.0
35,12/31/2013,734.0
35,1/31/2014,544.0
35,2/28/2014,552.0
35,3/31/2014,700.0
35,4/30/2014,469.0
35,5/31/2014,585.0
35,6/30/2014,528.0
35,7/31/2014,617.0
35,8/31/2014,623.0
35,9/30/2014,577.0
35,10/31/2014,525.0
35,11/30/2014,549.0
35,12/31/2014,855.0
35,1/31/2015,676.0
35,2/28/2015,635.0
35,3/31/2015,638.0
35,4/30/2015,670.0
35,5/31/2015,804.0
35,6/30/2015,633.0
35,7/31/2015,660.0
35,8/31/2015,709.0
35,9/30/2015,479.0
35,10/31/2015,458.0
35,11/30/2015,540.0
35,12/31/2015,731.0
35,1/31/2016,446.0
35,2/29/2016,526.0
35,3/31/2016,483.0
35,4/30/2016,475.0
35,5/31/2016,529.0
35,6/30/2016,505.0
35,7/31/2016,509.0
35,8/31/2016,632.0
35,9/30/2016,470.0
35,10/31/2016,458.0
35,11/30/2016,429.0
35,12/31/2016,670.0
35,1/31/2017,457.0
35,2/28/2017,494.0
35,3/31/2017,350.0
35,4/30/2017,423.0
35,5/31/2017,362.0
35,6/30/2017,382.0
35,7/31/2017,383.0
35,8/31/2017,169.0
37,1/31/2013,1829.0
37,2/28/2013,1678.0
37,3/31/2013,1801.0
37,4/30/2013,1741.0
37,5/31/2013,1657.0
37,6/30/2013,1593.0
37,7/31/2013,1728.0
37,8/31/2013,1588.0
37,9/30/2013,1616.0
37,10/31/2013,1669.0
37,11/30/2013,1730.0
37,12/31/2013,1728.0
37,1/31/2014,1754.0
37,2/28/2014,1730.0
37,3/31/2014,1789.0
37,4/30/2014,1802.0
37,5/31/2014,1786.0
37,6/30/2014,1627.0
37,7/31/2014,1841.0
37,8/31/2014,1648.0
37,9/30/2014,1812.0
37,10/31/2014,2051.0
37,11/30/2014,1933.0
37,12/31/2014,1936.0
37,1/31/2015,1946.0
37,2/28/2015,1673.0
37,3/31/2015,2023.0
37,4/30/2015,1972.0
37,5/31/2015,1671.0
37,6/30/2015,1728.0
37,7/31/2015,1839.0
37,8/31/2015,1500.0
37,9/30/2015,1359.0
37,10/31/2015,1544.0
37,11/30/2015,1206.0
37,12/31/2015,1481.0
37,1/31/2016,1147.0
37,2/29/2016,1139.0
37,3/31/2016,1306.0
37,4/30/2016,1083.0
37,5/31/2016,1284.0
37,6/30/2016,1198.0
37,7/31/2016,1262.0
37,8/31/2016,1012.0
37,9/30/2016,1052.0
37,10/31/2016,1111.0
37,11/30/2016,1118.0
37,12/31/2016,1101.0
37,1/31/2017,1185.0
37,2/28/2017,1050.0
37,3/31/2017,1218.0
37,4/30/2017,1141.0
37,5/31/2017,1058.0
37,6/30/2017,1020.0
37,7/31/2017,1161.0
37,8/31/2017,521.0
38,1/31/2013,3083.0
38,2/28/2013,2733.0
38,3/31/2013,3337.0
38,4/30/2013,2790.0
38,5/31/2013,3213.0
38,6/30/2013,3106.0
38,7/31/2013,3029.0
38,8/31/2013,2941.0
38,9/30/2013,3095.0
38,10/31/2013,3088.0
38,11/30/2013,3065.0
38,12/31/2013,3461.0
38,1/31/2014,3403.0
38,2/28/2014,2856.0
38,3/31/2014,3391.0
38,4/30/2014,3258.0
38,5/31/2014,3124.0
38,6/30/2014,3056.0
38,7/31/2014,3278.0
38,8/31/2014,3214.0
38,9/30/2014,3224.0
38,10/31/2014,2968.0
38,11/30/2014,3106.0
38,12/31/2014,3374.0
38,1/31/2015,3293.0
38,2/28/2015,2979.0
38,3/31/2015,3326.0
38,4/30/2015,3060.0
38,5/31/2015,3147.0
38,6/30/2015,2968.0
38,7/31/2015,2807.0
38,8/31/2015,2629.0
38,9/30/2015,2868.0
38,10/31/2015,2627.0
38,11/30/2015,2169.0
38,12/31/2015,2156.0
38,1/31/2016,2307.0
38,2/29/2016,2153.0
38,3/31/2016,2237.0
38,4/30/2016,2080.0
38,5/31/2016,2018.0
38,6/30/2016,1774.0
38,7/31/2016,1929.0
38,8/31/2016,1664.0
38,9/30/2016,1775.0
38,10/31/2016,1777.0
38,11/30/2016,1698.0
38,12/31/2016,1729.0
38,1/31/2017,2054.0
38,2/28/2017,1670.0
38,3/31/2017,1826.0
38,4/30/2017,1878.0
38,5/31/2017,1696.0
38,6/30/2017,1882.0
38,7/31/2017,2042.0
38,8/31/2017,889.0
39,1/31/2013,1515.0
39,2/28/2013,1219.0
39,3/31/2013,1494.0
39,4/30/2013,1594.0
39,5/31/2013,1516.0
39,6/30/2013,1678.0
39,7/31/2013,1745.0
39,8/31/2013,1390.0
39,9/30/2013,1536.0
39,10/31/2013,1396.0
39,11/30/2013,1420.0
39,12/31/2013,1430.0
39,1/31/2014,1571.0
39,2/28/2014,1366.0
39,3/31/2014,1529.0
39,4/30/2014,1562.0
39,5/31/2014,1633.0
39,6/30/2014,1621.0
39,7/31/2014,1749.0
39,8/31/2014,1734.0
39,9/30/2014,1831.0
39,10/31/2014,1550.0
39,11/30/2014,1541.0
39,12/31/2014,1864.0
39,1/31/2015,2091.0
39,2/28/2015,1673.0
39,3/31/2015,2417.0
39,4/30/2015,1948.0
39,5/31/2015,1957.0
39,6/30/2015,1512.0
39,7/31/2015,1470.0
39,8/31/2015,1407.0
39,9/30/2015,1532.0
39,10/31/2015,1563.0
39,11/30/2015,1364.0
39,12/31/2015,1310.0
39,1/31/2016,1422.0
39,2/29/2016,1223.0
39,3/31/2016,1118.0
39,4/30/2016,1246.0
39,5/31/2016,1445.0
39,6/30/2016,1407.0
39,7/31/2016,1362.0
39,8/31/2016,1110.0
39,9/30/2016,1381.0
39,10/31/2016,1516.0
39,11/30/2016,1211.0
39,12/31/2016,1235.0
39,1/31/2017,1435.0
39,2/28/2017,1118.0
39,3/31/2017,1163.0
39,4/30/2017,1139.0
39,5/31/2017,1101.0
39,6/30/2017,1123.0
39,7/31/2017,1223.0
39,8/31/2017,532.0
40,1/31/2013,1649.0
40,2/28/2013,1443.0
40,3/31/2013,1599.0
40,4/30/2013,1840.0
40,5/31/2013,2172.0
40,6/30/2013,2332.0
40,7/31/2013,2147.0
40,8/31/2013,2019.0
40,9/30/2013,1905.0
40,10/31/2013,1830.0
40,11/30/2013,1920.0
40,12/31/2013,2406.0
40,1/31/2014,1943.0
40,2/28/2014,2361.0
40,3/31/2014,2145.0
40,4/30/2014,1858.0
40,5/31/2014,2587.0
40,6/30/2014,2492.0
40,7/31/2014,2534.0
40,8/31/2014,2509.0
40,9/30/2014,2182.0
40,10/31/2014,2077.0
40,11/30/2014,2528.0
40,12/31/2014,3002.0
40,1/31/2015,2738.0
40,2/28/2015,2463.0
40,3/31/2015,3145.0
40,4/30/2015,2712.0
40,5/31/2015,3120.0
40,6/30/2015,3018.0
40,7/31/2015,2837.0
40,8/31/2015,3163.0
40,9/30/2015,2236.0
40,10/31/2015,2067.0
40,11/30/2015,2018.0
40,12/31/2015,2128.0
40,1/31/2016,1989.0
40,2/29/2016,1909.0
40,3/31/2016,1791.0
40,4/30/2016,1910.0
40,5/31/2016,2376.0
40,6/30/2016,2243.0
40,7/31/2016,1812.0
40,8/31/2016,1946.0
40,9/30/2016,1941.0
40,10/31/2016,1881.0
40,11/30/2016,1679.0
40,12/31/2016,2147.0
40,1/31/2017,1864.0
40,2/28/2017,1667.0
40,3/31/2017,1670.0
40,4/30/2017,1762.0
40,5/31/2017,1963.0
40,6/30/2017,1754.0
40,7/31/2017,1625.0
40,8/31/2017,919.0
41,1/31/2013,1203.0
41,2/28/2013,1031.0
41,3/31/2013,1138.0
41,4/30/2013,1000.0
41,5/31/2013,1493.0
41,6/30/2013,1364.0
41,7/31/2013,1346.0
41,8/31/2013,1422.0
41,9/30/2013,1343.0
41,10/31/2013,1340.0
41,11/30/2013,1229.0
41,12/31/2013,1545.0
41,1/31/2014,1354.0
41,2/28/2014,1218.0
41,3/31/2014,1463.0
41,4/30/2014,1402.0
41,5/31/2014,1655.0
41,6/30/2014,1748.0
41,7/31/2014,1753.0
41,8/31/2014,1762.0
41,9/30/2014,1515.0
41,10/31/2014,1498.0
41,11/30/2014,1532.0
41,12/31/2014,1897.0
41,1/31/2015,1717.0
41,2/28/2015,1481.0
41,3/31/2015,1571.0
41,4/30/2015,1527.0
41,5/31/2015,1912.0
41,6/30/2015,1672.0
41,7/31/2015,1849.0
41,8/31/2015,1740.0
41,9/30/2015,1517.0
41,10/31/2015,1360.0
41,11/30/2015,1407.0
41,12/31/2015,1502.0
41,1/31/2016,1254.0
41,2/29/2016,1172.0
41,3/31/2016,1113.0
41,4/30/2016,1210.0
41,5/31/2016,1462.0
41,6/30/2016,1308.0
41,7/31/2016,1418.0
41,8/31/2016,1250.0
41,9/30/2016,1085.0
41,10/31/2016,1259.0
41,11/30/2016,1246.0
41,12/31/2016,1579.0
41,1/31/2017,1342.0
41,2/28/2017,1257.0
41,3/31/2017,1181.0
41,4/30/2017,1365.0
41,5/31/2017,1378.0
41,6/30/2017,1364.0
41,7/31/2017,1444.0
41,8/31/2017,680.0
43,1/31/2013,949.0
43,2/28/2013,873.0
43,3/31/2013,1044.0
43,4/30/2013,1020.0
43,5/31/2013,1392.0
43,6/30/2013,1236.0
43,7/31/2013,1283.0
43,8/31/2013,1332.0
43,9/30/2013,1174.0
43,10/31/2013,1049.0
43,11/30/2013,1089.0
43,12/31/2013,1401.0
43,1/31/2014,1179.0
43,2/28/2014,1094.0
43,3/31/2014,1078.0
43,4/30/2014,1137.0
43,5/31/2014,1547.0
43,6/30/2014,1548.0
43,7/31/2014,1588.0
43,8/31/2014,1531.0
43,9/30/2014,1445.0
43,10/31/2014,1342.0
43,11/30/2014,1438.0
43,12/31/2014,1750.0
43,1/31/2015,1521.0
43,2/28/2015,1370.0
43,3/31/2015,1415.0
43,4/30/2015,1385.0
43,5/31/2015,1630.0
43,6/30/2015,1677.0
43,7/31/2015,1500.0
43,8/31/2015,1663.0
43,9/30/2015,1392.0
43,10/31/2015,1358.0
43,11/30/2015,1261.0
43,12/31/2015,1407.0
43,1/31/2016,1119.0
43,2/29/2016,1014.0
43,3/31/2016,917.0
43,4/30/2016,941.0
43,5/31/2016,1171.0
43,6/30/2016,1127.0
43,7/31/2016,959.0
43,8/31/2016,899.0
43,9/30/2016,840.0
43,10/31/2016,925.0
43,11/30/2016,1011.0
43,12/31/2016,1547.0
43,1/31/2017,1383.0
43,2/28/2017,1219.0
43,3/31/2017,1277.0
43,4/30/2017,1263.0
43,5/31/2017,1614.0
43,6/30/2017,1431.0
43,7/31/2017,1795.0
43,8/31/2017,798.0
44,1/31/2013,2894.0
44,2/28/2013,2707.0
44,3/31/2013,3189.0
44,4/30/2013,2895.0
44,5/31/2013,2978.0
44,6/30/2013,2866.0
44,7/31/2013,2742.0
44,8/31/2013,2765.0
44,9/30/2013,3040.0
44,10/31/2013,2870.0
44,11/30/2013,2846.0
44,12/31/2013,2803.0
44,1/31/2014,2812.0
44,2/28/2014,2460.0
44,3/31/2014,2984.0
44,4/30/2014,2839.0
44,5/31/2014,2774.0
44,6/30/2014,2416.0
44,7/31/2014,2418.0
44,8/31/2014,3004.0
44,9/30/2014,3109.0
44,10/31/2014,2934.0
44,11/30/2014,2706.0
44,12/31/2014,2772.0
44,1/31/2015,2664.0
44,2/28/2015,2288.0
44,3/31/2015,2746.0
44,4/30/2015,2749.0
44,5/31/2015,2688.0
44,6/30/2015,2329.0
44,7/31/2015,2455.0
44,8/31/2015,2771.0
44,9/30/2015,2618.0
44,10/31/2015,2643.0
44,11/30/2015,2540.0
44,12/31/2015,2280.0
44,1/31/2016,2391.0
44,2/29/2016,2175.0
44,3/31/2016,2185.0
44,4/30/2016,2472.0
44,5/31/2016,2320.0
44,6/30/2016,2125.0
44,7/31/2016,2278.0
44,8/31/2016,2134.0
44,9/30/2016,2339.0
44,10/31/2016,2447.0
44,11/30/2016,2310.0
44,12/31/2016,2192.0
44,1/31/2017,2499.0
44,2/28/2017,2193.0
44,3/31/2017,2550.0
44,4/30/2017,2491.0
44,5/31/2017,2311.0
44,6/30/2017,2375.0
44,7/31/2017,2650.0
44,8/31/2017,1261.0
45,1/31/2013,3030.0
45,2/28/2013,2656.0
45,3/31/2013,3102.0
45,4/30/2013,2947.0
45,5/31/2013,2884.0
45,6/30/2013,2750.0
45,7/31/2013,2707.0
45,8/31/2013,2481.0
45,9/30/2013,2515.0
45,10/31/2013,2366.0
45,11/30/2013,2289.0
45,12/31/2013,2233.0
45,1/31/2014,2440.0
45,2/28/2014,2071.0
45,3/31/2014,2650.0
45,4/30/2014,2315.0
45,5/31/2014,2451.0
45,6/30/2014,2248.0
45,7/31/2014,2177.0
45,8/31/2014,2155.0
45,9/30/2014,2272.0
45,10/31/2014,2434.0
45,11/30/2014,2155.0
45,12/31/2014,2175.0
45,1/31/2015,2341.0
45,2/28/2015,1999.0
45,3/31/2015,2385.0
45,4/30/2015,2189.0
45,5/31/2015,2341.0
45,6/30/2015,2097.0
45,7/31/2015,2067.0
45,8/31/2015,2176.0
45,9/30/2015,2088.0
45,10/31/2015,1990.0
45,11/30/2015,1902.0
45,12/31/2015,1844.0
45,1/31/2016,2129.0
45,2/29/2016,1789.0
45,3/31/2016,1793.0
45,4/30/2016,1852.0
45,5/31/2016,1924.0
45,6/30/2016,1783.0
45,7/31/2016,1923.0
45,8/31/2016,1675.0
45,9/30/2016,1837.0
45,10/31/2016,1810.0
45,11/30/2016,1744.0
45,12/31/2016,1754.0
45,1/31/2017,1953.0
45,2/28/2017,1639.0
45,3/31/2017,1917.0
45,4/30/2017,1994.0
45,5/31/2017,1837.0
45,6/30/2017,1883.0
45,7/31/2017,1889.0
45,8/31/2017,891.0
46,1/31/2013,2566.0
46,2/28/2013,2492.0
46,3/31/2013,2608.0
46,4/30/2013,2447.0
46,5/31/2013,2431.0
46,6/30/2013,2505.0
46,7/31/2013,2415.0
46,8/31/2013,2504.0
46,9/30/2013,2801.0
46,10/31/2013,2733.0
46,11/30/2013,2565.0
46,12/31/2013,2743.0
46,1/31/2014,2659.0
46,2/28/2014,2431.0
46,3/31/2014,2729.0
46,4/30/2014,2563.0
46,5/31/2014,2609.0
46,6/30/2014,2534.0
46,7/31/2014,2385.0
46,8/31/2014,2445.0
46,9/30/2014,2442.0
46,10/31/2014,2610.0
46,11/30/2014,2597.0
46,12/31/2014,2705.0
46,1/31/2015,2653.0
46,2/28/2015,2124.0
46,3/31/2015,2641.0
46,4/30/2015,2484.0
46,5/31/2015,2578.0
46,6/30/2015,2341.0
46,7/31/2015,2263.0
46,8/31/2015,2164.0
46,9/30/2015,2272.0
46,10/31/2015,2335.0
46,11/30/2015,2288.0
46,12/31/2015,1993.0
46,1/31/2016,1858.0
46,2/29/2016,1653.0
46,3/31/2016,1789.0
46,4/30/2016,1888.0
46,5/31/2016,1949.0
46,6/30/2016,1667.0
46,7/31/2016,1930.0
46,8/31/2016,1583.0
46,9/30/2016,1771.0
46,10/31/2016,1890.0
46,11/30/2016,1756.0
46,12/31/2016,1962.0
46,1/31/2017,2090.0
46,2/28/2017,1789.0
46,3/31/2017,2094.0
46,4/30/2017,2125.0
46,5/31/2017,1907.0
46,6/30/2017,1786.0
46,7/31/2017,2218.0
46,8/31/2017,823.0
47,1/31/2013,3086.0
47,2/28/2013,2819.0
47,3/31/2013,3307.0
47,4/30/2013,2920.0
47,5/31/2013,2854.0
47,6/30/2013,2883.0
47,7/31/2013,2711.0
47,8/31/2013,2627.0
47,9/30/2013,3307.0
47,10/31/2013,3029.0
47,11/30/2013,2788.0
47,12/31/2013,2813.0
47,1/31/2014,3000.0
47,2/28/2014,2547.0
47,3/31/2014,3079.0
47,4/30/2014,2820.0
47,5/31/2014,3071.0
47,6/30/2014,2823.0
47,7/31/2014,2529.0
47,8/31/2014,2845.0
47,9/30/2014,3097.0
47,10/31/2014,2979.0
47,11/30/2014,2655.0
47,12/31/2014,2858.0
47,1/31/2015,3001.0
47,2/28/2015,2459.0
47,3/31/2015,2952.0
47,4/30/2015,2714.0
47,5/31/2015,2833.0
47,6/30/2015,2591.0
47,7/31/2015,2494.0
47,8/31/2015,2364.0
47,9/30/2015,2539.0
47,10/31/2015,2463.0
47,11/30/2015,2523.0
47,12/31/2015,2515.0
47,1/31/2016,2533.0
47,2/29/2016,2310.0
47,3/31/2016,2390.0
47,4/30/2016,2421.0
47,5/31/2016,2360.0
47,6/30/2016,2117.0
47,7/31/2016,2215.0
47,8/31/2016,2111.0
47,9/30/2016,2265.0
47,10/31/2016,2400.0
47,11/30/2016,2215.0
47,12/31/2016,2361.0
47,1/31/2017,2377.0
47,2/28/2017,2179.0
47,3/31/2017,2511.0
47,4/30/2017,2770.0
47,5/31/2017,2201.0
47,6/30/2017,2045.0
47,7/31/2017,2467.0
47,8/31/2017,1146.0
48,1/31/2013,2227.0
48,2/28/2013,2166.0
48,3/31/2013,2729.0
48,4/30/2013,2253.0
48,5/31/2013,2355.0
48,6/30/2013,2303.0
48,7/31/2013,2138.0
48,8/31/2013,2249.0
48,9/30/2013,2696.0
48,10/31/2013,2565.0
48,11/30/2013,2420.0
48,12/31/2013,2623.0
48,1/31/2014,2746.0
48,2/28/2014,2238.0
48,3/31/2014,2993.0
48,4/30/2014,2430.0
48,5/31/2014,2632.0
48,6/30/2014,2405.0
48,7/31/2014,2388.0
48,8/31/2014,2509.0
48,9/30/2014,2885.0
48,10/31/2014,2588.0
48,11/30/2014,2796.0
48,12/31/2014,2766.0
48,1/31/2015,3025.0
48,2/28/2015,2266.0
48,3/31/2015,2659.0
48,4/30/2015,2551.0
48,5/31/2015,2733.0
48,6/30/2015,2177.0
48,7/31/2015,2216.0
48,8/31/2015,2302.0
48,9/30/2015,2405.0
48,10/31/2015,2463.0
48,11/30/2015,2438.0
48,12/31/2015,2187.0
48,1/31/2016,2282.0
48,2/29/2016,1808.0
48,3/31/2016,2044.0
48,4/30/2016,2163.0
48,5/31/2016,2252.0
48,6/30/2016,1715.0
48,7/31/2016,2034.0
48,8/31/2016,1745.0
48,9/30/2016,1962.0
48,10/31/2016,2205.0
48,11/30/2016,1920.0
48,12/31/2016,2294.0
48,1/31/2017,2288.0
48,2/28/2017,1955.0
48,3/31/2017,2068.0
48,4/30/2017,2200.0
48,5/31/2017,2086.0
48,6/30/2017,1990.0
48,7/31/2017,2209.0
48,8/31/2017,985.0
49,1/31/2013,1500.0
49,2/28/2013,1420.0
49,3/31/2013,1667.0
49,4/30/2013,1553.0
49,5/31/2013,1667.0
49,6/30/2013,1611.0
49,7/31/2013,1530.0
49,8/31/2013,1543.0
49,9/30/2013,1738.0
49,10/31/2013,1740.0
49,11/30/2013,1696.0
49,12/31/2013,2015.0
49,1/31/2014,1871.0
49,2/28/2014,1560.0
49,3/31/2014,1908.0
49,4/30/2014,1817.0
49,5/31/2014,1895.0
49,6/30/2014,1778.0
49,7/31/2014,1756.0
49,8/31/2014,2007.0
49,9/30/2014,2129.0
49,10/31/2014,2305.0
49,11/30/2014,2027.0
49,12/31/2014,2259.0
49,1/31/2015,2142.0
49,2/28/2015,1686.0
49,3/31/2015,1989.0
49,4/30/2015,2023.0
49,5/31/2015,2124.0
49,6/30/2015,1813.0
49,7/31/2015,1872.0
49,8/31/2015,1875.0
49,9/30/2015,1997.0
49,10/31/2015,1946.0
49,11/30/2015,1998.0
49,12/31/2015,1937.0
49,1/31/2016,2023.0
49,2/29/2016,1816.0
49,3/31/2016,1790.0
49,4/30/2016,1836.0
49,5/31/2016,2001.0
49,6/30/2016,1912.0
49,7/31/2016,2057.0
49,8/31/2016,1729.0
49,9/30/2016,1901.0
49,10/31/2016,1913.0
49,11/30/2016,1866.0
49,12/31/2016,2055.0
49,1/31/2017,2124.0
49,2/28/2017,1874.0
49,3/31/2017,2039.0
49,4/30/2017,2089.0
49,5/31/2017,2074.0
49,6/30/2017,1969.0
49,7/31/2017,2189.0
49,8/31/2017,933.0
50,1/31/2013,2190.0
50,2/28/2013,2171.0
50,3/31/2013,2319.0
50,4/30/2013,2212.0
50,5/31/2013,2282.0
50,6/30/2013,2183.0
50,7/31/2013,2147.0
50,8/31/2013,2088.0
50,9/30/2013,2433.0
50,10/31/2013,2185.0
50,11/30/2013,1827.0
50,12/31/2013,2142.0
50,1/31/2014,2108.0
50,2/28/2014,2003.0
50,3/31/2014,2308.0
50,4/30/2014,2023.0
50,5/31/2014,1981.0
50,6/30/2014,2087.0
50,7/31/2014,2001.0
50,8/31/2014,2117.0
50,9/30/2014,2098.0
50,10/31/2014,2116.0
50,11/30/2014,2089.0
50,12/31/2014,2054.0
50,1/31/2015,2120.0
50,2/28/2015,1900.0
50,3/31/2015,2246.0
50,4/30/2015,2150.0
50,5/31/2015,2074.0
50,6/30/2015,1967.0
50,7/31/2015,2062.0
50,8/31/2015,2078.0
50,9/30/2015,1795.0
50,10/31/2015,1964.0
50,11/30/2015,1717.0
50,12/31/2015,1650.0
50,1/31/2016,1688.0
50,2/29/2016,1446.0
50,3/31/2016,1382.0
50,4/30/2016,1563.0
50,5/31/2016,1584.0
50,6/30/2016,1482.0
50,7/31/2016,1617.0
50,8/31/2016,1385.0
50,9/30/2016,1523.0
50,10/31/2016,1553.0
50,11/30/2016,1490.0
50,12/31/2016,1539.0
50,1/31/2017,1677.0
50,2/28/2017,1415.0
50,3/31/2017,1673.0
50,4/30/2017,1784.0
50,5/31/2017,1558.0
50,6/30/2017,1487.0
50,7/31/2017,1783.0
50,8/31/2017,726.0
51,1/31/2013,2043.0
51,2/28/2013,1819.0
51,3/31/2013,2000.0
51,4/30/2013,1999.0
51,5/31/2013,2443.0
51,6/30/2013,2339.0
51,7/31/2013,2366.0
51,8/31/2013,2310.0
51,9/30/2013,1998.0
51,10/31/2013,1983.0
51,11/30/2013,2110.0
51,12/31/2013,2883.0
51,1/31/2014,2210.0
51,2/28/2014,1865.0
51,3/31/2014,1844.0
51,4/30/2014,1845.0
51,5/31/2014,2366.0
51,6/30/2014,2093.0
51,7/31/2014,2070.0
51,8/31/2014,2153.0
51,9/30/2014,1850.0
51,10/31/2014,2018.0
51,11/30/2014,2055.0
51,12/31/2014,2710.0
51,1/31/2015,1927.0
51,2/28/2015,1653.0
51,3/31/2015,1640.0
51,4/30/2015,1619.0
51,5/31/2015,2232.0
51,6/30/2015,1926.0
51,7/31/2015,1882.0
51,8/31/2015,1813.0
51,9/30/2015,1644.0
51,10/31/2015,1601.0
51,11/30/2015,1557.0
51,12/31/2015,2162.0
51,1/31/2016,1690.0
51,2/29/2016,1325.0
51,3/31/2016,1301.0
51,4/30/2016,1606.0
51,5/31/2016,1698.0
51,6/30/2016,1659.0
51,7/31/2016,1645.0
51,8/31/2016,1593.0
51,9/30/2016,1349.0
51,10/31/2016,1404.0
51,11/30/2016,1404.0
51,12/31/2016,1870.0
51,1/31/2017,1499.0
51,2/28/2017,1296.0
51,3/31/2017,1444.0
51,4/30/2017,1404.0
51,5/31/2017,1636.0
51,6/30/2017,1499.0
51,7/31/2017,1631.0
51,8/31/2017,786.0
54,1/31/2013,1727.0
54,2/28/2013,1412.0
54,3/31/2013,1552.0
54,4/30/2013,1521.0
54,5/31/2013,1890.0
54,6/30/2013,1744.0
54,7/31/2013,1681.0
54,8/31/2013,1894.0
54,9/30/2013,1785.0
54,10/31/2013,1644.0
54,11/30/2013,1577.0
54,12/31/2013,1572.0
54,1/31/2014,1366.0
54,2/28/2014,1463.0
54,3/31/2014,1439.0
54,4/30/2014,1434.0
54,5/31/2014,1709.0
54,6/30/2014,1689.0
54,7/31/2014,1824.0
54,8/31/2014,1760.0
54,9/30/2014,1688.0
54,10/31/2014,1621.0
54,11/30/2014,1845.0
54,12/31/2014,1878.0
54,1/31/2015,1758.0
54,2/28/2015,1696.0
54,3/31/2015,1616.0
54,4/30/2015,1678.0
54,5/31/2015,1995.0
54,6/30/2015,1630.0
54,7/31/2015,1670.0
54,8/31/2015,2101.0
54,9/30/2015,1802.0
54,10/31/2015,1665.0
54,11/30/2015,1530.0
54,12/31/2015,1611.0
54,1/31/2016,1578.0
54,2/29/2016,1215.0
54,3/31/2016,1402.0
54,4/30/2016,1497.0
54,5/31/2016,1683.0
54,6/30/2016,1484.0
54,7/31/2016,1252.0
54,8/31/2016,1299.0
54,9/30/2016,1251.0
54,10/31/2016,1514.0
54,11/30/2016,1288.0
54,12/31/2016,1380.0
54,1/31/2017,1431.0
54,2/28/2017,1099.0
54,3/31/2017,1057.0
54,4/30/2017,1241.0
54,5/31/2017,1400.0
54,6/30/2017,1396.0
54,7/31/2017,1513.0
54,8/31/2017,670.0
