Brand_Name,Date,Close
the_coca-cola_company,2000-12-31 00:00:00+00:00,14.619940352818322
the_coca-cola_company,2001-12-31 00:00:00+00:00,13.01526726061298
the_coca-cola_company,2002-12-31 00:00:00+00:00,13.51203947975522
the_coca-cola_company,2003-12-31 00:00:00+00:00,12.195335433596657
the_coca-cola_company,2004-12-31 00:00:00+00:00,13.102034829911732
the_coca-cola_company,2005-12-31 00:00:00+00:00,12.362031278156099
the_coca-cola_company,2006-12-31 00:00:00+00:00,13.03845801866387
the_coca-cola_company,2007-12-31 00:00:00+00:00,16.433881638059578
the_coca-cola_company,2008-12-31 00:00:00+00:00,16.836408848819055
the_coca-cola_company,2009-12-31 00:00:00+00:00,15.802586423026192
the_coca-cola_company,2010-12-31 00:00:00+00:00,18.909218258327908
the_coca-cola_company,2011-12-31 00:00:00+00:00,22.943552077762664
the_coca-cola_company,2012-12-31 00:00:00+00:00,26.244941688537597
the_coca-cola_company,2013-12-31 00:00:00+00:00,28.88043576952011
the_coca-cola_company,2014-12-31 00:00:00+00:00,30.630222275143577
the_coca-cola_company,2015-12-31 00:00:00+00:00,31.887575490134104
the_coca-cola_company,2016-12-31 00:00:00+00:00,34.75085372016544
the_coca-cola_company,2017-12-31 00:00:00+00:00,36.59409934116075
the_coca-cola_company,2018-12-31 00:00:00+00:00,38.7426487440132
the_coca-cola_company,2019-12-31 00:00:00+00:00,44.83226995619516
the_coca-cola_company,2020-12-31 00:00:00+00:00,45.47217766381064
the_coca-cola_company,2021-12-31 00:00:00+00:00,50.87830800858755
the_coca-cola_company,2022-12-31 00:00:00+00:00,59.77040560596968
the_coca-cola_company,2023-12-31 00:00:00+00:00,59.23001811617897
the_coca-cola_company,2024-12-31 00:00:00+00:00,63.63194043100165
netflix,2000-12-31 00:00:00+00:00,63.63194043100165
netflix,2001-12-31 00:00:00+00:00,63.63194043100165
netflix,2002-12-31 00:00:00+00:00,0.8501716387736333
netflix,2003-12-31 00:00:00+00:00,2.0812046700526796
netflix,2004-12-31 00:00:00+00:00,3.4134296893127383
netflix,2005-12-31 00:00:00+00:00,2.597261884382793
netflix,2006-12-31 00:00:00+00:00,3.690996027562723
netflix,2007-12-31 00:00:00+00:00,3.1239328536379385
netflix,2008-12-31 00:00:00+00:00,4.094669633232087
netflix,2009-12-31 00:00:00+00:00,6.322035131000337
netflix,2010-12-31 00:00:00+00:00,16.82417230757456
netflix,2011-12-31 00:00:00+00:00,27.493718771707442
netflix,2012-12-31 00:00:00+00:00,11.855057119369507
netflix,2013-12-31 00:00:00+00:00,35.27183091072809
netflix,2014-12-31 00:00:00+00:00,57.49511904943557
netflix,2015-12-31 00:00:00+00:00,91.89567447844006
netflix,2016-12-31 00:00:00+00:00,102.03035720946296
netflix,2017-12-31 00:00:00+00:00,165.37426304912188
netflix,2018-12-31 00:00:00+00:00,319.2903190096061
netflix,2019-12-31 00:00:00+00:00,328.8723800901383
netflix,2020-12-31 00:00:00+00:00,446.82723287348693
netflix,2021-12-31 00:00:00+00:00,558.2176972646562
netflix,2022-12-31 00:00:00+00:00,284.6392436236499
netflix,2023-12-31 00:00:00+00:00,390.39388868543836
netflix,2024-12-31 00:00:00+00:00,625.8393309378738
foot_locker,2000-12-31 00:00:00+00:00,6.4177952285796875
foot_locker,2001-12-31 00:00:00+00:00,8.27727250899038
foot_locker,2002-12-31 00:00:00+00:00,7.4266108104160855
foot_locker,2003-12-31 00:00:00+00:00,8.171442860648746
foot_locker,2004-12-31 00:00:00+00:00,13.776390677406674
foot_locker,2005-12-31 00:00:00+00:00,14.333561969181847
foot_locker,2006-12-31 00:00:00+00:00,14.038144837337661
foot_locker,2007-12-31 00:00:00+00:00,11.552197127703177
foot_locker,2008-12-31 00:00:00+00:00,7.92996045723263
foot_locker,2009-12-31 00:00:00+00:00,6.8606734957013815
foot_locker,2010-12-31 00:00:00+00:00,10.19623779682886
foot_locker,2011-12-31 00:00:00+00:00,15.36713901777116
foot_locker,2012-12-31 00:00:00+00:00,23.55059246826172
foot_locker,2013-12-31 00:00:00+00:00,26.479944123162163
foot_locker,2014-12-31 00:00:00+00:00,38.35611506870815
foot_locker,2015-12-31 00:00:00+00:00,50.661109636700346
foot_locker,2016-12-31 00:00:00+00:00,51.30474438742986
foot_locker,2017-12-31 00:00:00+00:00,44.01134283514137
foot_locker,2018-12-31 00:00:00+00:00,40.894823568275726
foot_locker,2019-12-31 00:00:00+00:00,41.4162648821634
foot_locker,2020-12-31 00:00:00+00:00,29.09884139954337
foot_locker,2021-12-31 00:00:00+00:00,48.82891093360053
foot_locker,2022-12-31 00:00:00+00:00,31.67872984380836
foot_locker,2023-12-31 00:00:00+00:00,29.98787739920238
foot_locker,2024-12-31 00:00:00+00:00,26.661052667353143
philips,2000-12-31 00:00:00+00:00,23.501020196884397
philips,2001-12-31 00:00:00+00:00,16.111109122153252
philips,2002-12-31 00:00:00+00:00,13.65826329920027
philips,2003-12-31 00:00:00+00:00,12.500641542767722
philips,2004-12-31 00:00:00+00:00,15.830429826463972
philips,2005-12-31 00:00:00+00:00,16.22186735319713
philips,2006-12-31 00:00:00+00:00,20.546484449470185
philips,2007-12-31 00:00:00+00:00,25.567043524814316
philips,2008-12-31 00:00:00+00:00,20.436681852981508
philips,2009-12-31 00:00:00+00:00,14.533218274040827
philips,2010-12-31 00:00:00+00:00,21.661265804654075
philips,2011-12-31 00:00:00+00:00,18.175517384968106
philips,2012-12-31 00:00:00+00:00,16.377180198669432
philips,2013-12-31 00:00:00+00:00,24.344562159644234
philips,2014-12-31 00:00:00+00:00,25.852178021082803
philips,2015-12-31 00:00:00+00:00,22.828594714876207
philips,2016-12-31 00:00:00+00:00,23.787159813774956
philips,2017-12-31 00:00:00+00:00,32.02967618661098
philips,2018-12-31 00:00:00+00:00,37.24127324928801
philips,2019-12-31 00:00:00+00:00,40.08622376124064
philips,2020-12-31 00:00:00+00:00,44.53052238042176
philips,2021-12-31 00:00:00+00:00,47.476611016288636
philips,2022-12-31 00:00:00+00:00,22.419212379303588
philips,2023-12-31 00:00:00+00:00,19.6357369935845
philips,2024-12-31 00:00:00+00:00,25.38406696958405
nordstrom,2000-12-31 00:00:00+00:00,6.008127153865875
nordstrom,2001-12-31 00:00:00+00:00,5.2309801328566765
nordstrom,2002-12-31 00:00:00+00:00,6.315635491931249
nordstrom,2003-12-31 00:00:00+00:00,6.709793700112237
nordstrom,2004-12-31 00:00:00+00:00,12.194122515027486
nordstrom,2005-12-31 00:00:00+00:00,19.160553913267833
nordstrom,2006-12-31 00:00:00+00:00,24.975882252848955
nordstrom,2007-12-31 00:00:00+00:00,30.056087759861434
nordstrom,2008-12-31 00:00:00+00:00,18.07992548245215
nordstrom,2009-12-31 00:00:00+00:00,15.923292029471625
nordstrom,2010-12-31 00:00:00+00:00,25.458073585752455
nordstrom,2011-12-31 00:00:00+00:00,31.58358713937184
nordstrom,2012-12-31 00:00:00+00:00,37.35472883605957
nordstrom,2013-12-31 00:00:00+00:00,41.44666518862285
nordstrom,2014-12-31 00:00:00+00:00,48.806656686086505
nordstrom,2015-12-31 00:00:00+00:00,54.74866985139393
nordstrom,2016-12-31 00:00:00+00:00,40.27803438428848
nordstrom,2017-12-31 00:00:00+00:00,37.88327075000778
nordstrom,2018-12-31 00:00:00+00:00,46.38226383710762
nordstrom,2019-12-31 00:00:00+00:00,33.79941103193495
nordstrom,2020-12-31 00:00:00+00:00,20.10134220123291
nordstrom,2021-12-31 00:00:00+00:00,30.711806047530402
nordstrom,2022-12-31 00:00:00+00:00,21.019936174035546
nordstrom,2023-12-31 00:00:00+00:00,16.893402705116877
nordstrom,2024-12-31 00:00:00+00:00,20.559234235845686
3m,2000-12-31 00:00:00+00:00,24.457228441087025
3m,2001-12-31 00:00:00+00:00,30.276898184130268
3m,2002-12-31 00:00:00+00:00,33.81130626466539
3m,2003-12-31 00:00:00+00:00,38.99789297013056
3m,2004-12-31 00:00:00+00:00,47.24029699961344
3m,2005-12-31 00:00:00+00:00,45.77077456883022
3m,2006-12-31 00:00:00+00:00,46.303703004145525
3m,2007-12-31 00:00:00+00:00,51.79631823657518
3m,2008-12-31 00:00:00+00:00,45.147781251447476
3m,2009-12-31 00:00:00+00:00,41.82500876320733
3m,2010-12-31 00:00:00+00:00,56.16293033720955
3m,2011-12-31 00:00:00+00:00,59.605929208180264
3m,2012-12-31 00:00:00+00:00,63.00373651123047
3m,2013-12-31 00:00:00+00:00,82.45939705863832
3m,2014-12-31 00:00:00+00:00,105.91637145148383
3m,2015-12-31 00:00:00+00:00,118.81033270699638
3m,2016-12-31 00:00:00+00:00,131.59891464596703
3m,2017-12-31 00:00:00+00:00,164.3704880794206
3m,2018-12-31 00:00:00+00:00,172.9532745482912
3m,2019-12-31 00:00:00+00:00,151.5824466281467
3m,2020-12-31 00:00:00+00:00,139.742988043623
3m,2021-12-31 00:00:00+00:00,169.79829945639958
3m,2022-12-31 00:00:00+00:00,130.16641207995167
3m,2023-12-31 00:00:00+00:00,96.27515956333706
3m,2024-12-31 00:00:00+00:00,102.79931498258308
fedex,2000-12-31 00:00:00+00:00,33.821620524875705
fedex,2001-12-31 00:00:00+00:00,35.161473351140174
fedex,2002-12-31 00:00:00+00:00,44.401507438175265
fedex,2003-12-31 00:00:00+00:00,53.514848300388884
fedex,2004-12-31 00:00:00+00:00,67.98971445598299
fedex,2005-12-31 00:00:00+00:00,77.067047149416
fedex,2006-12-31 00:00:00+00:00,93.96938485073379
fedex,2007-12-31 00:00:00+00:00,92.51110845922949
fedex,2008-12-31 00:00:00+00:00,70.34892390556486
fedex,2009-12-31 00:00:00+00:00,54.98688083224826
fedex,2010-12-31 00:00:00+00:00,74.5377467321971
fedex,2011-12-31 00:00:00+00:00,75.9433442827255
fedex,2012-12-31 00:00:00+00:00,79.50061480712891
fedex,2013-12-31 00:00:00+00:00,98.16618092854817
fedex,2014-12-31 00:00:00+00:00,133.76516799321251
fedex,2015-12-31 00:00:00+00:00,148.83296839396158
fedex,2016-12-31 00:00:00+00:00,147.2358794136653
fedex,2017-12-31 00:00:00+00:00,189.9504934364106
fedex,2018-12-31 00:00:00+00:00,220.1387072559372
fedex,2019-12-31 00:00:00+00:00,155.8448621356298
fedex,2020-12-31 00:00:00+00:00,177.62421142819372
fedex,2021-12-31 00:00:00+00:00,256.4110689314585
fedex,2022-12-31 00:00:00+00:00,201.23629766821387
fedex,2023-12-31 00:00:00+00:00,235.37934711349914
fedex,2024-12-31 00:00:00+00:00,268.751992622631
procter_&_gamble,2000-12-31 00:00:00+00:00,18.992493901933944
procter_&_gamble,2001-12-31 00:00:00+00:00,19.317675205969042
procter_&_gamble,2002-12-31 00:00:00+00:00,24.72370816033984
procter_&_gamble,2003-12-31 00:00:00+00:00,26.07227863584246
procter_&_gamble,2004-12-31 00:00:00+00:00,31.393491464947896
procter_&_gamble,2005-12-31 00:00:00+00:00,33.039779178679936
procter_&_gamble,2006-12-31 00:00:00+00:00,36.41611442717898
procter_&_gamble,2007-12-31 00:00:00+00:00,41.21214519363951
procter_&_gamble,2008-12-31 00:00:00+00:00,42.214014452907875
procter_&_gamble,2009-12-31 00:00:00+00:00,35.78054141998291
procter_&_gamble,2010-12-31 00:00:00+00:00,42.06125141325451
procter_&_gamble,2011-12-31 00:00:00+00:00,44.51118594881088
procter_&_gamble,2012-12-31 00:00:00+00:00,47.760363357543945
procter_&_gamble,2013-12-31 00:00:00+00:00,58.58596060011122
procter_&_gamble,2014-12-31 00:00:00+00:00,63.33246371859596
procter_&_gamble,2015-12-31 00:00:00+00:00,62.888062855554004
procter_&_gamble,2016-12-31 00:00:00+00:00,68.64507056039477
procter_&_gamble,2017-12-31 00:00:00+00:00,75.65430374449468
procter_&_gamble,2018-12-31 00:00:00+00:00,72.01600564903472
procter_&_gamble,2019-12-31 00:00:00+00:00,100.42623759072924
procter_&_gamble,2020-12-31 00:00:00+00:00,117.83724468970016
procter_&_gamble,2021-12-31 00:00:00+00:00,131.8677311549111
procter_&_gamble,2022-12-31 00:00:00+00:00,142.80298225433228
procter_&_gamble,2023-12-31 00:00:00+00:00,147.27056927320018
procter_&_gamble,2024-12-31 00:00:00+00:00,163.65794073223498
johnson_&_johnson,2000-12-31 00:00:00+00:00,24.46953474529206
johnson_&_johnson,2001-12-31 00:00:00+00:00,28.861487980811827
johnson_&_johnson,2002-12-31 00:00:00+00:00,32.44185171430073
johnson_&_johnson,2003-12-31 00:00:00+00:00,30.0726838036189
johnson_&_johnson,2004-12-31 00:00:00+00:00,32.5821404759846
johnson_&_johnson,2005-12-31 00:00:00+00:00,38.42234158894372
johnson_&_johnson,2006-12-31 00:00:00+00:00,37.761623473756345
johnson_&_johnson,2007-12-31 00:00:00+00:00,39.7701966487079
johnson_&_johnson,2008-12-31 00:00:00+00:00,41.42476943547547
johnson_&_johnson,2009-12-31 00:00:00+00:00,38.08931491488502
johnson_&_johnson,2010-12-31 00:00:00+00:00,42.31006542084709
johnson_&_johnson,2011-12-31 00:00:00+00:00,44.82808842734685
johnson_&_johnson,2012-12-31 00:00:00+00:00,48.97331315612793
johnson_&_johnson,2013-12-31 00:00:00+00:00,64.9036093515063
johnson_&_johnson,2014-12-31 00:00:00+00:00,78.50057662479462
johnson_&_johnson,2015-12-31 00:00:00+00:00,79.83996975611127
johnson_&_johnson,2016-12-31 00:00:00+00:00,93.63732122996497
johnson_&_johnson,2017-12-31 00:00:00+00:00,109.82132483858511
johnson_&_johnson,2018-12-31 00:00:00+00:00,115.5104591096065
johnson_&_johnson,2019-12-31 00:00:00+00:00,120.37600081307548
johnson_&_johnson,2020-12-31 00:00:00+00:00,133.71776858243075
johnson_&_johnson,2021-12-31 00:00:00+00:00,155.74078139047774
johnson_&_johnson,2022-12-31 00:00:00+00:00,166.56349747494397
johnson_&_johnson,2023-12-31 00:00:00+00:00,158.07720814053974
johnson_&_johnson,2024-12-31 00:00:00+00:00,155.14540297220768
the_home_depot,2000-12-31 00:00:00+00:00,32.189795910365994
the_home_depot,2001-12-31 00:00:00+00:00,28.233558177947998
the_home_depot,2002-12-31 00:00:00+00:00,23.38033483520387
the_home_depot,2003-12-31 00:00:00+00:00,18.930416788373673
the_home_depot,2004-12-31 00:00:00+00:00,23.50318223711044
the_home_depot,2005-12-31 00:00:00+00:00,25.56810127742707
the_home_depot,2006-12-31 00:00:00+00:00,24.69720116269541
the_home_depot,2007-12-31 00:00:00+00:00,23.799759268285744
the_home_depot,2008-12-31 00:00:00+00:00,17.44678986967788
the_home_depot,2009-12-31 00:00:00+00:00,17.72371955144973
the_home_depot,2010-12-31 00:00:00+00:00,22.84606478706239
the_home_depot,2011-12-31 00:00:00+00:00,27.245053419991144
the_home_depot,2012-12-31 00:00:00+00:00,41.51802868652344
the_home_depot,2013-12-31 00:00:00+00:00,58.89046802217998
the_home_depot,2014-12-31 00:00:00+00:00,69.02616705213275
the_home_depot,2015-12-31 00:00:00+00:00,95.97609668307834
the_home_depot,2016-12-31 00:00:00+00:00,109.22665910872202
the_home_depot,2017-12-31 00:00:00+00:00,133.6869706537619
the_home_depot,2018-12-31 00:00:00+00:00,165.99302253875123
the_home_depot,2019-12-31 00:00:00+00:00,186.965208144415
the_home_depot,2020-12-31 00:00:00+00:00,230.21147089419156
the_home_depot,2021-12-31 00:00:00+00:00,308.76597237965416
the_home_depot,2022-12-31 00:00:00+00:00,299.7914925989402
the_home_depot,2023-12-31 00:00:00+00:00,304.4257121903013
the_home_depot,2024-12-31 00:00:00+00:00,356.7916687595787
mcdonald's,2000-12-31 00:00:00+00:00,18.708405354666333
mcdonald's,2001-12-31 00:00:00+00:00,16.027516888033958
mcdonald's,2002-12-31 00:00:00+00:00,13.77818170804826
mcdonald's,2003-12-31 00:00:00+00:00,11.656077553355505
mcdonald's,2004-12-31 00:00:00+00:00,16.344128979576958
mcdonald's,2005-12-31 00:00:00+00:00,19.067588510967436
mcdonald's,2006-12-31 00:00:00+00:00,22.462400763158303
mcdonald's,2007-12-31 00:00:00+00:00,31.898873066997147
mcdonald's,2008-12-31 00:00:00+00:00,37.60845740699014
mcdonald's,2009-12-31 00:00:00+00:00,38.430718013218474
mcdonald's,2010-12-31 00:00:00+00:00,49.09744352007669
mcdonald's,2011-12-31 00:00:00+00:00,59.9682690151154
mcdonald's,2012-12-31 00:00:00+00:00,67.9673325805664
mcdonald's,2013-12-31 00:00:00+00:00,73.84534602695041
mcdonald's,2014-12-31 00:00:00+00:00,75.62242653256371
mcdonald's,2015-12-31 00:00:00+00:00,81.50253631955101
mcdonald's,2016-12-31 00:00:00+00:00,100.70475605555943
mcdonald's,2017-12-31 00:00:00+00:00,128.43731172721223
mcdonald's,2018-12-31 00:00:00+00:00,146.85413673674444
mcdonald's,2019-12-31 00:00:00+00:00,179.71874884953576
mcdonald's,2020-12-31 00:00:00+00:00,186.60027219749722
mcdonald's,2021-12-31 00:00:00+00:00,223.26857248942056
mcdonald's,2022-12-31 00:00:00+00:00,246.70711575086372
mcdonald's,2023-12-31 00:00:00+00:00,275.9203163631379
mcdonald's,2024-12-31 00:00:00+00:00,275.9711903111216
amd,2000-12-31 00:00:00+00:00,29.05530753968254
amd,2001-12-31 00:00:00+00:00,19.903941587094337
amd,2002-12-31 00:00:00+00:00,10.335833348925151
amd,2003-12-31 00:00:00+00:00,9.418730151085626
amd,2004-12-31 00:00:00+00:00,15.49412701243446
amd,2005-12-31 00:00:00+00:00,19.912380964036974
amd,2006-12-31 00:00:00+00:00,28.11063748241896
amd,2007-12-31 00:00:00+00:00,13.598446205792674
amd,2008-12-31 00:00:00+00:00,5.348656143124396
amd,2009-12-31 00:00:00+00:00,4.426309525020539
amd,2010-12-31 00:00:00+00:00,7.931388904177953
amd,2011-12-31 00:00:00+00:00,7.139404751005626
amd,2012-12-31 00:00:00+00:00,5.071080005645752
amd,2013-12-31 00:00:00+00:00,3.3785714393570307
amd,2014-12-31 00:00:00+00:00,3.662063511591109
amd,2015-12-31 00:00:00+00:00,2.331746020014324
amd,2016-12-31 00:00:00+00:00,5.254920634485426
amd,2017-12-31 00:00:00+00:00,12.411673283671952
amd,2018-12-31 00:00:00+00:00,17.214501962243798
amd,2019-12-31 00:00:00+00:00,29.941071457333035
amd,2020-12-31 00:00:00+00:00,65.61972329362108
amd,2021-12-31 00:00:00+00:00,101.14587302435012
amd,2022-12-31 00:00:00+00:00,90.88764930816285
amd,2023-12-31 00:00:00+00:00,103.04492051260812
amd,2024-12-31 00:00:00+00:00,161.76444963519083
marriott,2000-12-31 00:00:00+00:00,13.48371830819145
marriott,2001-12-31 00:00:00+00:00,15.872786914148639
marriott,2002-12-31 00:00:00+00:00,14.021748020535423
marriott,2003-12-31 00:00:00+00:00,14.797237793604532
marriott,2004-12-31 00:00:00+00:00,19.155625929908147
marriott,2005-12-31 00:00:00+00:00,25.30125446168203
marriott,2006-12-31 00:00:00+00:00,29.669739818193047
marriott,2007-12-31 00:00:00+00:00,34.5895544257297
marriott,2008-12-31 00:00:00+00:00,22.191205948237844
marriott,2009-12-31 00:00:00+00:00,17.900266178070552
marriott,2010-12-31 00:00:00+00:00,27.583671721201096
marriott,2011-12-31 00:00:00+00:00,27.97111216045561
marriott,2012-12-31 00:00:00+00:00,32.89976988220215
marriott,2013-12-31 00:00:00+00:00,37.96095790560283
marriott,2014-12-31 00:00:00+00:00,57.78700286623032
marriott,2015-12-31 00:00:00+00:00,69.93457477811783
marriott,2016-12-31 00:00:00+00:00,65.18330309126112
marriott,2017-12-31 00:00:00+00:00,98.21870705046027
marriott,2018-12-31 00:00:00+00:00,124.57355286495618
marriott,2019-12-31 00:00:00+00:00,126.13263199821351
marriott,2020-12-31 00:00:00+00:00,103.32220734909117
marriott,2021-12-31 00:00:00+00:00,142.47067033676873
marriott,2022-12-31 00:00:00+00:00,157.55936246469201
marriott,2023-12-31 00:00:00+00:00,184.73342943948413
marriott,2024-12-31 00:00:00+00:00,237.9509565080915
jpmorgan_chase_&_co,2000-12-31 00:00:00+00:00,24.91431899297805
jpmorgan_chase_&_co,2001-12-31 00:00:00+00:00,22.513945364182995
jpmorgan_chase_&_co,2002-12-31 00:00:00+00:00,15.627608212213667
jpmorgan_chase_&_co,2003-12-31 00:00:00+00:00,17.92276346494281
jpmorgan_chase_&_co,2004-12-31 00:00:00+00:00,22.993774156721813
jpmorgan_chase_&_co,2005-12-31 00:00:00+00:00,22.225323253207737
jpmorgan_chase_&_co,2006-12-31 00:00:00+00:00,28.054885339926912
jpmorgan_chase_&_co,2007-12-31 00:00:00+00:00,31.390245992348962
jpmorgan_chase_&_co,2008-12-31 00:00:00+00:00,27.07696934274063
jpmorgan_chase_&_co,2009-12-31 00:00:00+00:00,24.837029669019913
jpmorgan_chase_&_co,2010-12-31 00:00:00+00:00,28.37545033106728
jpmorgan_chase_&_co,2011-12-31 00:00:00+00:00,27.99198249029735
jpmorgan_chase_&_co,2012-12-31 00:00:00+00:00,28.7436236038208
jpmorgan_chase_&_co,2013-12-31 00:00:00+00:00,39.128321269201855
jpmorgan_chase_&_co,2014-12-31 00:00:00+00:00,45.07168871258933
jpmorgan_chase_&_co,2015-12-31 00:00:00+00:00,50.789252084399024
jpmorgan_chase_&_co,2016-12-31 00:00:00+00:00,53.73705078306652
jpmorgan_chase_&_co,2017-12-31 00:00:00+00:00,77.22045825487115
jpmorgan_chase_&_co,2018-12-31 00:00:00+00:00,94.94036828759182
jpmorgan_chase_&_co,2019-12-31 00:00:00+00:00,100.49021393912179
jpmorgan_chase_&_co,2020-12-31 00:00:00+00:00,97.09803811175078
jpmorgan_chase_&_co,2021-12-31 00:00:00+00:00,146.3097092764718
jpmorgan_chase_&_co,2022-12-31 00:00:00+00:00,123.64827637083502
jpmorgan_chase_&_co,2023-12-31 00:00:00+00:00,142.79060088263617
jpmorgan_chase_&_co,2024-12-31 00:00:00+00:00,196.64510655745366
cisco,2000-12-31 00:00:00+00:00,41.99662817849053
cisco,2001-12-31 00:00:00+00:00,14.347019539725396
cisco,2002-12-31 00:00:00+00:00,10.142742785196456
cisco,2003-12-31 00:00:00+00:00,12.362340987674774
cisco,2004-12-31 00:00:00+00:00,14.99180397533235
cisco,2005-12-31 00:00:00+00:00,12.603831889137389
cisco,2006-12-31 00:00:00+00:00,14.99927635876781
cisco,2007-12-31 00:00:00+00:00,19.83052506009896
cisco,2008-12-31 00:00:00+00:00,15.60132591714972
cisco,2009-12-31 00:00:00+00:00,13.874899792292762
cisco,2010-12-31 00:00:00+00:00,16.105128477490137
cisco,2011-12-31 00:00:00+00:00,12.116525267797803
cisco,2012-12-31 00:00:00+00:00,13.186400566101074
cisco,2013-12-31 00:00:00+00:00,16.50842158756559
cisco,2014-12-31 00:00:00+00:00,18.242661839439755
cisco,2015-12-31 00:00:00+00:00,21.574094802614244
cisco,2016-12-31 00:00:00+00:00,23.063318578023758
cisco,2017-12-31 00:00:00+00:00,27.47858465430271
cisco,2018-12-31 00:00:00+00:00,37.86161808758618
cisco,2019-12-31 00:00:00+00:00,44.53008244529603
cisco,2020-12-31 00:00:00+00:00,39.145016168888375
cisco,2021-12-31 00:00:00+00:00,49.99241807725694
cisco,2022-12-31 00:00:00+00:00,46.779236538951615
cisco,2023-12-31 00:00:00+00:00,50.31369689154246
cisco,2024-12-31 00:00:00+00:00,48.592174110230076
unilever,2000-12-31 00:00:00+00:00,6.817704685150631
unilever,2001-12-31 00:00:00+00:00,8.19995044123742
unilever,2002-12-31 00:00:00+00:00,9.357756904193334
unilever,2003-12-31 00:00:00+00:00,9.580085610586499
unilever,2004-12-31 00:00:00+00:00,10.594365490807427
unilever,2005-12-31 00:00:00+00:00,11.607925918367174
unilever,2006-12-31 00:00:00+00:00,13.030938558844456
unilever,2007-12-31 00:00:00+00:00,17.95069273534524
unilever,2008-12-31 00:00:00+00:00,17.038011128723387
unilever,2009-12-31 00:00:00+00:00,15.202086592477466
unilever,2010-12-31 00:00:00+00:00,18.477516053214906
unilever,2011-12-31 00:00:00+00:00,20.97324754321386
unilever,2012-12-31 00:00:00+00:00,23.8112788772583
unilever,2013-12-31 00:00:00+00:00,28.850417069026403
unilever,2014-12-31 00:00:00+00:00,31.19253650544182
unilever,2015-12-31 00:00:00+00:00,32.81372883963206
unilever,2016-12-31 00:00:00+00:00,34.78480656941732
unilever,2017-12-31 00:00:00+00:00,42.84326811710677
unilever,2018-12-31 00:00:00+00:00,45.74681808654056
unilever,2019-12-31 00:00:00+00:00,50.799187614804225
unilever,2020-12-31 00:00:00+00:00,50.91621076259688
unilever,2021-12-31 00:00:00+00:00,51.84200532095773
unilever,2022-12-31 00:00:00+00:00,45.10917178758112
unilever,2023-12-31 00:00:00+00:00,49.84453828971225
unilever,2024-12-31 00:00:00+00:00,54.88505576101787
adobe,2000-12-31 00:00:00+00:00,29.310325448475187
adobe,2001-12-31 00:00:00+00:00,18.46275963706355
adobe,2002-12-31 00:00:00+00:00,14.862114690598988
adobe,2003-12-31 00:00:00+00:00,17.50551495854817
adobe,2004-12-31 00:00:00+00:00,23.086986322251576
adobe,2005-12-31 00:00:00+00:00,30.765721533033584
adobe,2006-12-31 00:00:00+00:00,35.596494021168745
adobe,2007-12-31 00:00:00+00:00,41.964820816222414
adobe,2008-12-31 00:00:00+00:00,35.32683792415815
adobe,2009-12-31 00:00:00+00:00,28.62607132442414
adobe,2010-12-31 00:00:00+00:00,31.211904790666367
adobe,2011-12-31 00:00:00+00:00,30.124881063188827
adobe,2012-12-31 00:00:00+00:00,32.67007999420166
adobe,2013-12-31 00:00:00+00:00,46.803412634228906
adobe,2014-12-31 00:00:00+00:00,67.45305560884022
adobe,2015-12-31 00:00:00+00:00,80.96781745789544
adobe,2016-12-31 00:00:00+00:00,97.32503951541962
adobe,2017-12-31 00:00:00+00:00,143.9961358180559
adobe,2018-12-31 00:00:00+00:00,235.03744999251043
adobe,2019-12-31 00:00:00+00:00,279.322818150596
adobe,2020-12-31 00:00:00+00:00,415.9712655892956
adobe,2021-12-31 00:00:00+00:00,560.6136518205915
adobe,2022-12-31 00:00:00+00:00,396.1215133363032
adobe,2023-12-31 00:00:00+00:00,466.26900772821335
adobe,2024-12-31 00:00:00+00:00,535.3059315658643
american_express,2000-12-31 00:00:00+00:00,34.02933816304282
american_express,2001-12-31 00:00:00+00:00,24.732102317194784
american_express,2002-12-31 00:00:00+00:00,23.804637568337576
american_express,2003-12-31 00:00:00+00:00,27.10895869845436
american_express,2004-12-31 00:00:00+00:00,33.97246008070688
american_express,2005-12-31 00:00:00+00:00,36.477176741948206
american_express,2006-12-31 00:00:00+00:00,41.644666436183975
american_express,2007-12-31 00:00:00+00:00,45.8037623675221
american_express,2008-12-31 00:00:00+00:00,29.698210094286047
american_express,2009-12-31 00:00:00+00:00,21.86264178866432
american_express,2010-12-31 00:00:00+00:00,34.42572151668488
american_express,2011-12-31 00:00:00+00:00,39.89172952137296
american_express,2012-12-31 00:00:00+00:00,47.76444998168945
american_express,2013-12-31 00:00:00+00:00,62.9776343542432
american_express,2014-12-31 00:00:00+00:00,78.44757625034877
american_express,2015-12-31 00:00:00+00:00,68.96155116671608
american_express,2016-12-31 00:00:00+00:00,57.439516264294824
american_express,2017-12-31 00:00:00+00:00,77.57028307667767
american_express,2018-12-31 00:00:00+00:00,93.88199557726126
american_express,2019-12-31 00:00:00+00:00,109.7531988961356
american_express,2020-12-31 00:00:00+00:00,100.0564366819359
american_express,2021-12-31 00:00:00+00:00,152.7111520615835
american_express,2022-12-31 00:00:00+00:00,158.5652654883396
american_express,2023-12-31 00:00:00+00:00,162.19102052483424
american_express,2024-12-31 00:00:00+00:00,231.6798547653925
southwest_airlines,2000-12-31 00:00:00+00:00,13.363982068167793
southwest_airlines,2001-12-31 00:00:00+00:00,16.338708712208657
southwest_airlines,2002-12-31 00:00:00+00:00,14.52230281678457
southwest_airlines,2003-12-31 00:00:00+00:00,14.489184250907293
southwest_airlines,2004-12-31 00:00:00+00:00,13.382060902459282
southwest_airlines,2005-12-31 00:00:00+00:00,13.311493317286173
southwest_airlines,2006-12-31 00:00:00+00:00,14.875071384992257
southwest_airlines,2007-12-31 00:00:00+00:00,13.357786497746806
southwest_airlines,2008-12-31 00:00:00+00:00,11.417984429084266
southwest_airlines,2009-12-31 00:00:00+00:00,7.217324538836404
southwest_airlines,2010-12-31 00:00:00+00:00,11.30670558081733
southwest_airlines,2011-12-31 00:00:00+00:00,9.426046816129533
southwest_airlines,2012-12-31 00:00:00+00:00,8.185386182785034
southwest_airlines,2013-12-31 00:00:00+00:00,12.97530468304952
southwest_airlines,2014-12-31 00:00:00+00:00,26.69852298403543
southwest_airlines,2015-12-31 00:00:00+00:00,38.182630887107244
southwest_airlines,2016-12-31 00:00:00+00:00,39.053383085462784
southwest_airlines,2017-12-31 00:00:00+00:00,53.74357718965447
southwest_airlines,2018-12-31 00:00:00+00:00,53.56471820846497
southwest_airlines,2019-12-31 00:00:00+00:00,51.387382477048845
southwest_airlines,2020-12-31 00:00:00+00:00,39.12341386998595
southwest_airlines,2021-12-31 00:00:00+00:00,51.493380713084385
southwest_airlines,2022-12-31 00:00:00+00:00,39.22451298930255
southwest_airlines,2023-12-31 00:00:00+00:00,30.65861211504255
southwest_airlines,2024-12-31 00:00:00+00:00,28.74492884366706
toyota,2000-12-31 00:00:00+00:00,64.0251680253044
toyota,2001-12-31 00:00:00+00:00,46.75747769878757
toyota,2002-12-31 00:00:00+00:00,39.36047031765892
toyota,2003-12-31 00:00:00+00:00,41.08915052716694
toyota,2004-12-31 00:00:00+00:00,57.222310474940706
toyota,2005-12-31 00:00:00+00:00,63.43423578474257
toyota,2006-12-31 00:00:00+00:00,87.4733019521037
toyota,2007-12-31 00:00:00+00:00,97.30834793759533
toyota,2008-12-31 00:00:00+00:00,74.34628990987544
toyota,2009-12-31 00:00:00+00:00,64.18082842751154
toyota,2010-12-31 00:00:00+00:00,64.3736690339588
toyota,2011-12-31 00:00:00+00:00,66.88451426369804
toyota,2012-12-31 00:00:00+00:00,70.7846170501709
toyota,2013-12-31 00:00:00+00:00,106.6352102188837
toyota,2014-12-31 00:00:00+00:00,107.97301274254208
toyota,2015-12-31 00:00:00+00:00,124.00128933740041
toyota,2016-12-31 00:00:00+00:00,109.35447925991483
toyota,2017-12-31 00:00:00+00:00,114.91641432925525
toyota,2018-12-31 00:00:00+00:00,127.65517914912616
toyota,2019-12-31 00:00:00+00:00,128.5199207124256
toyota,2020-12-31 00:00:00+00:00,131.841067257606
toyota,2021-12-31 00:00:00+00:00,168.67083310324048
toyota,2022-12-31 00:00:00+00:00,160.68422306866285
toyota,2023-12-31 00:00:00+00:00,159.6088441643582
toyota,2024-12-31 00:00:00+00:00,207.3085167259691
honda,2000-12-31 00:00:00+00:00,13.222773082672603
honda,2001-12-31 00:00:00+00:00,14.52581908241395
honda,2002-12-31 00:00:00+00:00,14.97619130497887
honda,2003-12-31 00:00:00+00:00,14.17552728123135
honda,2004-12-31 00:00:00+00:00,17.26696319050259
honda,2005-12-31 00:00:00+00:00,19.82444100909763
honda,2006-12-31 00:00:00+00:00,24.98300671672441
honda,2007-12-31 00:00:00+00:00,27.365397867453527
honda,2008-12-31 00:00:00+00:00,23.0725927277516
honda,2009-12-31 00:00:00+00:00,22.574438344864618
honda,2010-12-31 00:00:00+00:00,27.085252928355384
honda,2011-12-31 00:00:00+00:00,28.29193327162001
honda,2012-12-31 00:00:00+00:00,27.02114247894287
honda,2013-12-31 00:00:00+00:00,31.75011652235001
honda,2014-12-31 00:00:00+00:00,28.384945127699112
honda,2015-12-31 00:00:00+00:00,27.504016217731294
honda,2016-12-31 00:00:00+00:00,24.02661142651997
honda,2017-12-31 00:00:00+00:00,26.107271969555857
honda,2018-12-31 00:00:00+00:00,27.74426850854638
honda,2019-12-31 00:00:00+00:00,24.447796253930953
honda,2020-12-31 00:00:00+00:00,23.86503263330271
honda,2021-12-31 00:00:00+00:00,28.931475624205575
honda,2022-12-31 00:00:00+00:00,25.462130132424402
honda,2023-12-31 00:00:00+00:00,29.30557771507962
honda,2024-12-31 00:00:00+00:00,33.14502411253714
starbucks,2000-12-31 00:00:00+00:00,3.714641599428086
starbucks,2001-12-31 00:00:00+00:00,3.8973413936553465
starbucks,2002-12-31 00:00:00+00:00,4.40301456621715
starbucks,2003-12-31 00:00:00+00:00,5.252999092851367
starbucks,2004-12-31 00:00:00+00:00,8.74782128939553
starbucks,2005-12-31 00:00:00+00:00,10.59753169710674
starbucks,2006-12-31 00:00:00+00:00,13.935719425459782
starbucks,2007-12-31 00:00:00+00:00,11.168002831508439
starbucks,2008-12-31 00:00:00+00:00,6.018085636169071
starbucks,2009-12-31 00:00:00+00:00,6.221000199280088
starbucks,2010-12-31 00:00:00+00:00,10.409141884909737
starbucks,2011-12-31 00:00:00+00:00,15.298838206699916
starbucks,2012-12-31 00:00:00+00:00,21.014360633850096
starbucks,2013-12-31 00:00:00+00:00,28.0578263373602
starbucks,2014-12-31 00:00:00+00:00,31.86406059870644
starbucks,2015-12-31 00:00:00+00:00,45.57702473231724
starbucks,2016-12-31 00:00:00+00:00,49.0476770401001
starbucks,2017-12-31 00:00:00+00:00,50.47249265875949
starbucks,2018-12-31 00:00:00+00:00,51.758179151679414
starbucks,2019-12-31 00:00:00+00:00,74.89981755756196
starbucks,2020-12-31 00:00:00+00:00,77.70030035991442
starbucks,2021-12-31 00:00:00+00:00,106.94875798906598
starbucks,2022-12-31 00:00:00+00:00,85.33117070900967
starbucks,2023-12-31 00:00:00+00:00,99.77887995280916
starbucks,2024-12-31 00:00:00+00:00,86.31425921426435
nvidia,2000-12-31 00:00:00+00:00,2.0134806528924005
nvidia,2001-12-31 00:00:00+00:00,3.0232743563190585
nvidia,2002-12-31 00:00:00+00:00,2.205204799771309
nvidia,2003-12-31 00:00:00+00:00,1.3532820147654367
nvidia,2004-12-31 00:00:00+00:00,1.4829988964493312
nvidia,2005-12-31 00:00:00+00:00,2.182056804024984
nvidia,2006-12-31 00:00:00+00:00,4.1504262225086475
nvidia,2007-12-31 00:00:00+00:00,6.358803093670849
nvidia,2008-12-31 00:00:00+00:00,3.657229421167034
nvidia,2009-12-31 00:00:00+00:00,2.718074356279676
nvidia,2010-12-31 00:00:00+00:00,3.1108018103100004
nvidia,2011-12-31 00:00:00+00:00,3.8732664367509266
nvidia,2012-12-31 00:00:00+00:00,3.100143347740173
nvidia,2013-12-31 00:00:00+00:00,3.3128382979877413
nvidia,2014-12-31 00:00:00+00:00,4.415145771844046
nvidia,2015-12-31 00:00:00+00:00,5.7457937021104115
nvidia,2016-12-31 00:00:00+00:00,13.208529712661864
nvidia,2017-12-31 00:00:00+00:00,37.000059743326496
nvidia,2018-12-31 00:00:00+00:00,57.554532457632845
nvidia,2019-12-31 00:00:00+00:00,43.40192751657395
nvidia,2020-12-31 00:00:00+00:00,98.63221392424211
nvidia,2021-12-31 00:00:00+00:00,194.9067207518078
nvidia,2022-12-31 00:00:00+00:00,185.51073981661244
nvidia,2023-12-31 00:00:00+00:00,251.49375682406955
nvidia,2024-12-31 00:00:00+00:00,99.92030562624407
salesforce___slack,2000-12-31 00:00:00+00:00,99.92030562624407
salesforce___slack,2001-12-31 00:00:00+00:00,99.92030562624407
salesforce___slack,2002-12-31 00:00:00+00:00,99.92030562624407
salesforce___slack,2003-12-31 00:00:00+00:00,99.92030562624407
salesforce___slack,2004-12-31 00:00:00+00:00,3.9944776172068583
salesforce___slack,2005-12-31 00:00:00+00:00,5.1919444420981025
salesforce___slack,2006-12-31 00:00:00+00:00,8.620517926387103
salesforce___slack,2007-12-31 00:00:00+00:00,11.693535880738521
salesforce___slack,2008-12-31 00:00:00+00:00,13.427569180138025
salesforce___slack,2009-12-31 00:00:00+00:00,11.369920624627007
salesforce___slack,2010-12-31 00:00:00+00:00,24.212152806539383
salesforce___slack,2011-12-31 00:00:00+00:00,32.933392880454896
salesforce___slack,2012-12-31 00:00:00+00:00,35.72766000366211
salesforce___slack,2013-12-31 00:00:00+00:00,45.944236180138965
salesforce___slack,2014-12-31 00:00:00+00:00,57.253611140780976
salesforce___slack,2015-12-31 00:00:00+00:00,70.65543634929354
salesforce___slack,2016-12-31 00:00:00+00:00,74.55396830846392
salesforce___slack,2017-12-31 00:00:00+00:00,90.25948193918661
salesforce___slack,2018-12-31 00:00:00+00:00,132.2096414756015
salesforce___slack,2019-12-31 00:00:00+00:00,155.10480129908
salesforce___slack,2020-12-31 00:00:00+00:00,200.86529667669606
salesforce___slack,2021-12-31 00:00:00+00:00,247.36531696622333
salesforce___slack,2022-12-31 00:00:00+00:00,176.6665335727403
salesforce___slack,2023-12-31 00:00:00+00:00,204.02714447748093
salesforce___slack,2024-12-31 00:00:00+00:00,269.4458315908624
colgate_palmolive,2000-12-31 00:00:00+00:00,16.811250803962587
colgate_palmolive,2001-12-31 00:00:00+00:00,17.418233652268686
colgate_palmolive,2002-12-31 00:00:00+00:00,16.811589369698176
colgate_palmolive,2003-12-31 00:00:00+00:00,17.258996293658303
colgate_palmolive,2004-12-31 00:00:00+00:00,16.8764776540181
colgate_palmolive,2005-12-31 00:00:00+00:00,17.074145657675608
colgate_palmolive,2006-12-31 00:00:00+00:00,20.02835963731743
colgate_palmolive,2007-12-31 00:00:00+00:00,23.71309076742347
colgate_palmolive,2008-12-31 00:00:00+00:00,25.1449641502893
colgate_palmolive,2009-12-31 00:00:00+00:00,25.149170292748344
colgate_palmolive,2010-12-31 00:00:00+00:00,29.286930220467703
colgate_palmolive,2011-12-31 00:00:00+00:00,32.0898893220084
colgate_palmolive,2012-12-31 00:00:00+00:00,38.97245555114746
colgate_palmolive,2013-12-31 00:00:00+00:00,47.127717290605815
colgate_palmolive,2014-12-31 00:00:00+00:00,53.24042050800626
colgate_palmolive,2015-12-31 00:00:00+00:00,55.433067397465784
colgate_palmolive,2016-12-31 00:00:00+00:00,59.185542772686674
colgate_palmolive,2017-12-31 00:00:00+00:00,62.44182630744113
colgate_palmolive,2018-12-31 00:00:00+00:00,58.758572384655714
colgate_palmolive,2019-12-31 00:00:00+00:00,62.60087249392555
colgate_palmolive,2020-12-31 00:00:00+00:00,69.7688654873211
colgate_palmolive,2021-12-31 00:00:00+00:00,75.35112244742257
colgate_palmolive,2022-12-31 00:00:00+00:00,75.42553929788657
colgate_palmolive,2023-12-31 00:00:00+00:00,74.71848522049497
colgate_palmolive,2024-12-31 00:00:00+00:00,93.66072089820388
logitech,2000-12-31 00:00:00+00:00,5.70970896879832
logitech,2001-12-31 00:00:00+00:00,5.51497800023325
logitech,2002-12-31 00:00:00+00:00,7.417356131568788
logitech,2003-12-31 00:00:00+00:00,6.732510197730291
logitech,2004-12-31 00:00:00+00:00,9.266003154572987
logitech,2005-12-31 00:00:00+00:00,13.595318007090736
logitech,2006-12-31 00:00:00+00:00,16.94745745791857
logitech,2007-12-31 00:00:00+00:00,22.196776576251146
logitech,2008-12-31 00:00:00+00:00,18.68078485119484
logitech,2009-12-31 00:00:00+00:00,11.150274988204714
logitech,2010-12-31 00:00:00+00:00,12.826799434328835
logitech,2011-12-31 00:00:00+00:00,9.48403569440993
logitech,2012-12-31 00:00:00+00:00,6.813311424255371
logitech,2013-12-31 00:00:00+00:00,6.748650293501597
logitech,2014-12-31 00:00:00+00:00,11.802226827258156
logitech,2015-12-31 00:00:00+00:00,12.627795560019356
logitech,2016-12-31 00:00:00+00:00,17.044347918222822
logitech,2017-12-31 00:00:00+00:00,31.42468738935858
logitech,2018-12-31 00:00:00+00:00,38.155134664588715
logitech,2019-12-31 00:00:00+00:00,37.817532849690274
logitech,2020-12-31 00:00:00+00:00,61.36125967153919
logitech,2021-12-31 00:00:00+00:00,100.39508571322003
logitech,2022-12-31 00:00:00+00:00,60.50304183352041
logitech,2023-12-31 00:00:00+00:00,66.77704720668109
logitech,2024-12-31 00:00:00+00:00,89.50272738077994
hershey_company,2000-12-31 00:00:00+00:00,14.54371135953873
hershey_company,2001-12-31 00:00:00+00:00,19.011470379367953
hershey_company,2002-12-31 00:00:00+00:00,20.82990867372543
hershey_company,2003-12-31 00:00:00+00:00,22.080566232166593
hershey_company,2004-12-31 00:00:00+00:00,29.316864831107004
hershey_company,2005-12-31 00:00:00+00:00,38.90882166605147
hershey_company,2006-12-31 00:00:00+00:00,35.12246201047859
hershey_company,2007-12-31 00:00:00+00:00,32.675609740603015
hershey_company,2008-12-31 00:00:00+00:00,25.520693368120156
hershey_company,2009-12-31 00:00:00+00:00,26.430239934769887
hershey_company,2010-12-31 00:00:00+00:00,33.867445726243275
hershey_company,2011-12-31 00:00:00+00:00,42.46375050620427
hershey_company,2012-12-31 00:00:00+00:00,52.85194821166992
hershey_company,2013-12-31 00:00:00+00:00,71.6059228352138
hershey_company,2014-12-31 00:00:00+00:00,79.33635000198606
hershey_company,2015-12-31 00:00:00+00:00,78.78010101923867
hershey_company,2016-12-31 00:00:00+00:00,82.70068156529986
hershey_company,2017-12-31 00:00:00+00:00,94.8017292402655
hershey_company,2018-12-31 00:00:00+00:00,89.95424889188364
hershey_company,2019-12-31 00:00:00+00:00,123.41070199391199
hershey_company,2020-12-31 00:00:00+00:00,134.23859079835916
hershey_company,2021-12-31 00:00:00+00:00,162.5686715746683
hershey_company,2022-12-31 00:00:00+00:00,214.12265075440425
hershey_company,2023-12-31 00:00:00+00:00,225.19770800829883
hershey_company,2024-12-31 00:00:00+00:00,192.65395351574182
american_eagle_outfitters,2000-12-31 00:00:00+00:00,3.463002926773495
american_eagle_outfitters,2001-12-31 00:00:00+00:00,5.874083512252377
american_eagle_outfitters,2002-12-31 00:00:00+00:00,3.790218556684161
american_eagle_outfitters,2003-12-31 00:00:00+00:00,3.141377817070673
american_eagle_outfitters,2004-12-31 00:00:00+00:00,5.832590706764706
american_eagle_outfitters,2005-12-31 00:00:00+00:00,10.064403929407634
american_eagle_outfitters,2006-12-31 00:00:00+00:00,13.575551268588974
american_eagle_outfitters,2007-12-31 00:00:00+00:00,15.488898030315262
american_eagle_outfitters,2008-12-31 00:00:00+00:00,9.068438954032928
american_eagle_outfitters,2009-12-31 00:00:00+00:00,8.532710713053506
american_eagle_outfitters,2010-12-31 00:00:00+00:00,9.607099300339108
american_eagle_outfitters,2011-12-31 00:00:00+00:00,9.143085914944846
american_eagle_outfitters,2012-12-31 00:00:00+00:00,13.263964519500732
american_eagle_outfitters,2013-12-31 00:00:00+00:00,13.310903825457133
american_eagle_outfitters,2014-12-31 00:00:00+00:00,9.896454693779113
american_eagle_outfitters,2015-12-31 00:00:00+00:00,13.048641083732484
american_eagle_outfitters,2016-12-31 00:00:00+00:00,13.582678261257353
american_eagle_outfitters,2017-12-31 00:00:00+00:00,11.73770377930417
american_eagle_outfitters,2018-12-31 00:00:00+00:00,19.28709244443126
american_eagle_outfitters,2019-12-31 00:00:00+00:00,16.48816252133203
american_eagle_outfitters,2020-12-31 00:00:00+00:00,11.854501155054145
american_eagle_outfitters,2021-12-31 00:00:00+00:00,27.775680859883625
american_eagle_outfitters,2022-12-31 00:00:00+00:00,14.480350653963734
american_eagle_outfitters,2023-12-31 00:00:00+00:00,15.007778023916577
american_eagle_outfitters,2024-12-31 00:00:00+00:00,21.746780660163843
costco,2000-12-31 00:00:00+00:00,27.89730043259878
costco,2001-12-31 00:00:00+00:00,27.481332532821163
costco,2002-12-31 00:00:00+00:00,25.811678326319136
costco,2003-12-31 00:00:00+00:00,22.96266185669672
costco,2004-12-31 00:00:00+00:00,28.629265088883656
costco,2005-12-31 00:00:00+00:00,32.047837355780224
costco,2006-12-31 00:00:00+00:00,37.22875858018123
costco,2007-12-31 00:00:00+00:00,42.65422129536055
costco,2008-12-31 00:00:00+00:00,46.05670469080506
costco,2009-12-31 00:00:00+00:00,36.95772323154268
costco,2010-12-31 00:00:00+00:00,44.93301580822657
costco,2011-12-31 00:00:00+00:00,59.03919724055699
costco,2012-12-31 00:00:00+00:00,70.19730723571777
costco,2013-12-31 00:00:00+00:00,91.8487903050014
costco,2014-12-31 00:00:00+00:00,101.0178396739657
costco,2015-12-31 00:00:00+00:00,127.87776653350346
costco,2016-12-31 00:00:00+00:00,135.36932612222338
costco,2017-12-31 00:00:00+00:00,152.41543317696014
costco,2018-12-31 00:00:00+00:00,194.9104954692947
costco,2019-12-31 00:00:00+00:00,247.3128210400778
costco,2020-12-31 00:00:00+00:00,314.57362299380094
costco,2021-12-31 00:00:00+00:00,414.14490496923054
costco,2022-12-31 00:00:00+00:00,505.7137314997821
costco,2023-12-31 00:00:00+00:00,530.619255065918
costco,2024-12-31 00:00:00+00:00,795.8755192368795
microsoft,2000-12-31 00:00:00+00:00,23.67492433956691
microsoft,2001-12-31 00:00:00+00:00,19.42629038518475
microsoft,2002-12-31 00:00:00+00:00,16.94353655027965
microsoft,2003-12-31 00:00:00+00:00,16.280438173384894
microsoft,2004-12-31 00:00:00+00:00,17.272748409755646
microsoft,2005-12-31 00:00:00+00:00,18.239063308352517
microsoft,2006-12-31 00:00:00+00:00,18.78185519564199
microsoft,2007-12-31 00:00:00+00:00,22.05872480992777
microsoft,2008-12-31 00:00:00+00:00,19.57333526309771
microsoft,2009-12-31 00:00:00+00:00,17.300503393960376
microsoft,2010-12-31 00:00:00+00:00,20.761037221030584
microsoft,2011-12-31 00:00:00+00:00,20.46818022500901
microsoft,2012-12-31 00:00:00+00:00,24.069538055419923
microsoft,2013-12-31 00:00:00+00:00,27.04228442812723
microsoft,2014-12-31 00:00:00+00:00,36.35735905359662
microsoft,2015-12-31 00:00:00+00:00,41.07143574669247
microsoft,2016-12-31 00:00:00+00:00,49.92170909094432
microsoft,2017-12-31 00:00:00+00:00,66.66912822039478
microsoft,2018-12-31 00:00:00+00:00,95.37131439452152
microsoft,2019-12-31 00:00:00+00:00,125.08197085062663
microsoft,2020-12-31 00:00:00+00:00,187.4378282750548
microsoft,2021-12-31 00:00:00+00:00,270.547000340053
microsoft,2022-12-31 00:00:00+00:00,265.72923789461294
microsoft,2023-12-31 00:00:00+00:00,312.98101976182727
microsoft,2024-12-31 00:00:00+00:00,418.9724164898886
nintendo,2000-12-31 00:00:00+00:00,4.078079436506544
nintendo,2001-12-31 00:00:00+00:00,3.9704581912486785
nintendo,2002-12-31 00:00:00+00:00,3.0590239810565163
nintendo,2003-12-31 00:00:00+00:00,1.9789940397890786
nintendo,2004-12-31 00:00:00+00:00,2.628588381267729
nintendo,2005-12-31 00:00:00+00:00,2.7438222860533092
nintendo,2006-12-31 00:00:00+00:00,4.451067992890499
nintendo,2007-12-31 00:00:00+00:00,10.309442242778156
nintendo,2008-12-31 00:00:00+00:00,11.731035581219338
nintendo,2009-12-31 00:00:00+00:00,6.875007962423657
nintendo,2010-12-31 00:00:00+00:00,7.142944443793524
nintendo,2011-12-31 00:00:00+00:00,5.136539689132145
nintendo,2012-12-31 00:00:00+00:00,3.147688002586365
nintendo,2013-12-31 00:00:00+00:00,2.846166666537996
nintendo,2014-12-31 00:00:00+00:00,2.865920635442885
nintendo,2015-12-31 00:00:00+00:00,3.9178015873545693
nintendo,2016-12-31 00:00:00+00:00,4.713404776558043
nintendo,2017-12-31 00:00:00+00:00,7.622996001604544
nintendo,2018-12-31 00:00:00+00:00,9.206645422247776
nintendo,2019-12-31 00:00:00+00:00,8.658714269834851
nintendo,2020-12-31 00:00:00+00:00,11.630592885224715
nintendo,2021-12-31 00:00:00+00:00,13.430817467825753
nintendo,2022-12-31 00:00:00+00:00,11.211474126078693
nintendo,2023-12-31 00:00:00+00:00,10.671314744835357
nintendo,2024-12-31 00:00:00+00:00,13.414951934264256
the_walt_disney_company,2000-12-31 00:00:00+00:00,28.779456093197776
the_walt_disney_company,2001-12-31 00:00:00+00:00,20.60792460749226
the_walt_disney_company,2002-12-31 00:00:00+00:00,15.542393203765627
the_walt_disney_company,2003-12-31 00:00:00+00:00,15.891323664831736
the_walt_disney_company,2004-12-31 00:00:00+00:00,19.902282760256814
the_walt_disney_company,2005-12-31 00:00:00+00:00,21.37109389380803
the_walt_disney_company,2006-12-31 00:00:00+00:00,24.27195255689887
the_walt_disney_company,2007-12-31 00:00:00+00:00,28.61540512449713
the_walt_disney_company,2008-12-31 00:00:00+00:00,25.192766687144402
the_walt_disney_company,2009-12-31 00:00:00+00:00,21.116321298811172
the_walt_disney_company,2010-12-31 00:00:00+00:00,29.763780465201727
the_walt_disney_company,2011-12-31 00:00:00+00:00,33.47970936790345
the_walt_disney_company,2012-12-31 00:00:00+00:00,41.62136460876465
the_walt_disney_company,2013-12-31 00:00:00+00:00,57.21306610107422
the_walt_disney_company,2014-12-31 00:00:00+00:00,77.8073417724125
the_walt_disney_company,2015-12-31 00:00:00+00:00,100.84622019813175
the_walt_disney_company,2016-12-31 00:00:00+00:00,92.32401956830707
the_walt_disney_company,2017-12-31 00:00:00+00:00,102.26328997972952
the_walt_disney_company,2018-12-31 00:00:00+00:00,105.8799066733554
the_walt_disney_company,2019-12-31 00:00:00+00:00,129.6600741129073
the_walt_disney_company,2020-12-31 00:00:00+00:00,126.40185742887112
the_walt_disney_company,2021-12-31 00:00:00+00:00,175.88607109917535
the_walt_disney_company,2022-12-31 00:00:00+00:00,114.42143434927283
the_walt_disney_company,2023-12-31 00:00:00+00:00,92.10416554647779
the_walt_disney_company,2024-12-31 00:00:00+00:00,100.55330139598207
google,2000-12-31 00:00:00+00:00,100.55330139598207
google,2001-12-31 00:00:00+00:00,100.55330139598207
google,2002-12-31 00:00:00+00:00,100.55330139598207
google,2003-12-31 00:00:00+00:00,100.55330139598207
google,2004-12-31 00:00:00+00:00,3.7988307805771524
google,2005-12-31 00:00:00+00:00,6.950928127954876
google,2006-12-31 00:00:00+00:00,10.289922440669452
google,2007-12-31 00:00:00+00:00,13.482243203546897
google,2008-12-31 00:00:00+00:00,11.632933322620016
google,2009-12-31 00:00:00+00:00,11.003211519074819
google,2010-12-31 00:00:00+00:00,13.403981356393723
google,2011-12-31 00:00:00+00:00,14.23859275333465
google,2012-12-31 00:00:00+00:00,16.086498470306395
google,2013-12-31 00:00:00+00:00,22.128196693602064
google,2014-12-31 00:00:00+00:00,28.40611836266896
google,2015-12-31 00:00:00+00:00,30.999410780649338
google,2016-12-31 00:00:00+00:00,38.16066072857569
google,2017-12-31 00:00:00+00:00,46.98865343375035
google,2018-12-31 00:00:00+00:00,56.102179204325274
google,2019-12-31 00:00:00+00:00,59.560847131032794
google,2020-12-31 00:00:00+00:00,73.9496560530229
google,2021-12-31 00:00:00+00:00,124.22488700018988
google,2022-12-31 00:00:00+00:00,114.76037056607554
google,2023-12-31 00:00:00+00:00,118.90110639541868
google,2024-12-31 00:00:00+00:00,160.930492784418
target,2000-12-31 00:00:00+00:00,19.489278865238976
target,2001-12-31 00:00:00+00:00,23.173218434856786
target,2002-12-31 00:00:00+00:00,24.331888758946977
target,2003-12-31 00:00:00+00:00,23.145696011800613
target,2004-12-31 00:00:00+00:00,29.699341047377814
target,2005-12-31 00:00:00+00:00,35.17996873552837
target,2006-12-31 00:00:00+00:00,35.475287106882526
target,2007-12-31 00:00:00+00:00,41.18562443037907
target,2008-12-31 00:00:00+00:00,32.40721201237012
target,2009-12-31 00:00:00+00:00,28.500240870884486
target,2010-12-31 00:00:00+00:00,37.707861143445214
target,2011-12-31 00:00:00+00:00,36.7972659156436
target,2012-12-31 00:00:00+00:00,43.295539764404296
target,2013-12-31 00:00:00+00:00,49.80762633066329
target,2014-12-31 00:00:00+00:00,47.58656887781052
target,2015-12-31 00:00:00+00:00,62.18097667088584
target,2016-12-31 00:00:00+00:00,60.32522928147089
target,2017-12-31 00:00:00+00:00,49.616740496510054
target,2018-12-31 00:00:00+00:00,67.73273697507334
target,2019-12-31 00:00:00+00:00,84.05927880605061
target,2020-12-31 00:00:00+00:00,124.25407343325408
target,2021-12-31 00:00:00+00:00,214.67389025006975
target,2022-12-31 00:00:00+00:00,174.99981732007518
target,2023-12-31 00:00:00+00:00,138.25536031571644
target,2024-12-31 00:00:00+00:00,151.74585238370028
nike,2000-12-31 00:00:00+00:00,4.028360553204068
nike,2001-12-31 00:00:00+00:00,4.587824257150773
nike,2002-12-31 00:00:00+00:00,5.009365607821752
nike,2003-12-31 00:00:00+00:00,5.447774467014131
nike,2004-12-31 00:00:00+00:00,7.549728616835579
nike,2005-12-31 00:00:00+00:00,8.406803337354509
nike,2006-12-31 00:00:00+00:00,8.595970414074294
nike,2007-12-31 00:00:00+00:00,11.515213088685298
nike,2008-12-31 00:00:00+00:00,12.379900468667977
nike,2009-12-31 00:00:00+00:00,11.513954620512704
nike,2010-12-31 00:00:00+00:00,15.928590021436177
nike,2011-12-31 00:00:00+00:00,18.797337062775142
nike,2012-12-31 00:00:00+00:00,22.178207679748535
nike,2013-12-31 00:00:00+00:00,28.923448910788885
nike,2014-12-31 00:00:00+00:00,36.55580828681825
nike,2015-12-31 00:00:00+00:00,50.424104630001004
nike,2016-12-31 00:00:00+00:00,51.96784060341971
nike,2017-12-31 00:00:00+00:00,52.14538908574686
nike,2018-12-31 00:00:00+00:00,69.13802431874066
nike,2019-12-31 00:00:00+00:00,83.11516555907234
nike,2020-12-31 00:00:00+00:00,103.10043065067336
nike,2021-12-31 00:00:00+00:00,147.04469632345533
nike,2022-12-31 00:00:00+00:00,114.79493065944231
nike,2023-12-31 00:00:00+00:00,111.60185323442731
nike,2024-12-31 00:00:00+00:00,89.60016639380935
apple,2000-12-31 00:00:00+00:00,0.6928584588070711
apple,2001-12-31 00:00:00+00:00,0.30646766481860993
apple,2002-12-31 00:00:00+00:00,0.2900981330091045
apple,2003-12-31 00:00:00+00:00,0.2810844574419279
apple,2004-12-31 00:00:00+00:00,0.5384847683802484
apple,2005-12-31 00:00:00+00:00,1.4149447509220667
apple,2006-12-31 00:00:00+00:00,2.146565123858205
apple,2007-12-31 00:00:00+00:00,3.888515922652773
apple,2008-12-31 00:00:00+00:00,4.303974726454543
apple,2009-12-31 00:00:00+00:00,4.450547180478535
apple,2010-12-31 00:00:00+00:00,7.876906357114277
apple,2011-12-31 00:00:00+00:00,11.034486123493739
apple,2012-12-31 00:00:00+00:00,17.504836681365965
apple,2013-12-31 00:00:00+00:00,14.651271888187953
apple,2014-12-31 00:00:00+00:00,20.504919199716475
apple,2015-12-31 00:00:00+00:00,27.133902776808966
apple,2016-12-31 00:00:00+00:00,24.13497949781872
apple,2017-12-31 00:00:00+00:00,35.391365879560375
apple,2018-12-31 00:00:00+00:00,45.11966807148846
apple,2019-12-31 00:00:00+00:00,50.486959850977335
apple,2020-12-31 00:00:00+00:00,93.5174075492286
apple,2021-12-31 00:00:00+00:00,139.20692943391344
apple,2022-12-31 00:00:00+00:00,153.7260550388777
apple,2023-12-31 00:00:00+00:00,172.24129410395545
apple,2024-12-31 00:00:00+00:00,199.99430255798632
amazon,2000-12-31 00:00:00+00:00,2.3266834079746217
amazon,2001-12-31 00:00:00+00:00,0.6100212932834702
amazon,2002-12-31 00:00:00+00:00,0.8242063486859912
amazon,2003-12-31 00:00:00+00:00,1.887069446226907
amazon,2004-12-31 00:00:00+00:00,2.178261908746901
amazon,2005-12-31 00:00:00+00:00,1.9948551640624093
amazon,2006-12-31 00:00:00+00:00,1.795466137122348
amazon,2007-12-31 00:00:00+00:00,3.3614740989122733
amazon,2008-12-31 00:00:00+00:00,3.49400197470141
amazon,2009-12-31 00:00:00+00:00,4.364091266715337
amazon,2010-12-31 00:00:00+00:00,6.957019838075789
amazon,2011-12-31 00:00:00+00:00,9.833601175792634
amazon,2012-12-31 00:00:00+00:00,11.01518200302124
amazon,2013-12-31 00:00:00+00:00,14.901579402741932
amazon,2014-12-31 00:00:00+00:00,16.627551608615452
amazon,2015-12-31 00:00:00+00:00,23.90691463909452
amazon,2016-12-31 00:00:00+00:00,34.97615664345877
amazon,2017-12-31 00:00:00+00:00,48.40835056076962
amazon,2018-12-31 00:00:00+00:00,82.08630852870257
amazon,2019-12-31 00:00:00+00:00,89.4594602433462
amazon,2020-12-31 00:00:00+00:00,134.04275452383894
amazon,2021-12-31 00:00:00+00:00,167.19334932357546
amazon,2022-12-31 00:00:00+00:00,126.0988188055882
amazon,2023-12-31 00:00:00+00:00,121.52952418251643
amazon,2024-12-31 00:00:00+00:00,178.44435411663147
